,feat_0,feat_2,feat_5,feat_6,feat_7,feat_8,feat_9,feat_12,feat_13,feat_14,feat_15,feat_20,feat_21,feat_22,feat_23,feat_25,feat_27,feat_28,feat_30,feat_32,feat_34,feat_35,feat_36,feat_38,feat_39,feat_43,feat_44,feat_45,feat_46,feat_48,feat_51,feat_52,feat_53,feat_57,feat_59,feat_61,feat_63,feat_64,feat_66,feat_70,feat_73,feat_74,feat_75,feat_76,feat_78,feat_79,feat_80,feat_81,feat_82,feat_83,feat_86,feat_88,feat_89,feat_90,feat_92,feat_93,feat_94,feat_95,feat_96,feat_99,feat_101,feat_103,feat_105,feat_106,feat_107,feat_108,feat_109,feat_111,feat_112,feat_113,feat_114,feat_117,feat_118,feat_119,feat_120,feat_121,feat_123,feat_124,feat_126
feat_0,1.0,-0.670515765472878,-0.5743893818927932,-0.4318140589776917,-0.116601083093557,-0.5798682195454592,0.5454226924540729,-0.5968145818700885,-0.43426001501768424,0.4562248806721872,-0.5023571841409539,0.468402335578862,-0.49697735301088336,0.573769443661099,0.566035900122873,0.26874832435822466,0.5561729636342423,-0.544613968186555,0.537901275231865,0.31403352008371455,-0.14123659238886002,0.61949030097293,0.6205918883726518,0.09653229307814569,0.6582334595651282,-0.5572592595855893,0.6082608866289353,-0.5992916000837895,0.5548579083994817,0.5411210501717976,-0.05179047388007888,-0.508927357232938,-0.6388568130877776,-0.07179238484897678,-0.5998591451838347,-0.4260624982828051,0.6653552027768025,-0.5216687862714444,0.3157703184344574,-0.6027201251176919,-0.6433122666212402,-0.621214142945563,0.10405685177594623,-0.4020741660818709,0.194643366119727,0.6232088028650087,0.5606231899775207,-0.5675746848853583,-0.5528573609095493,0.2670558041992786,0.1282747279357234,0.5571550878836173,-0.5038096036094272,0.5908722367672353,-0.5418650259813966,0.49751445245858333,-0.5985099749482641,0.18822046973617806,-0.014072555608936829,0.4054036571604007,-0.5859524546293172,-0.5037461920095387,0.49108032394998136,0.5379867900015156,-0.3747601296955245,0.6582108893434888,0.6741776940885719,0.5901243250453241,-0.5184779431541148,-0.058839332866988094,0.537113068094203,-0.5808992052210078,0.46126460198777547,0.5996078588015686,0.4656514649270127,-0.5336400333038529,-0.6799795667859494,0.5182626241932757,0.6334786085487263
feat_2,-0.670515765472878,1.0,0.9253827179008011,0.7392641460186865,-0.2585023867163528,0.9147950220735149,-0.9188192885011097,0.922577434778836,0.736484198193324,-0.7054221005493706,0.5892854903153473,-0.640733850660511,0.8847253487975452,-0.9311495644932295,-0.8327583679223471,-0.4533206767792104,-0.9322549083429463,0.8795211761002673,-0.7162102986387853,-0.6608908669094774,0.14901858646977562,-0.6315191399152379,-0.9090993123236735,-0.4677522844584279,-0.703985878697381,0.9075102119039061,-0.9289794078768626,0.9444984905602514,-0.8936981367374931,-0.8936719768645631,-0.05916963903751676,0.5962939769518336,0.8754155733770906,-0.15950190762671204,0.9212293378888717,0.7655635890645274,-0.939288504955013,0.86136487096113,-0.7125513925195176,0.8900835409230301,0.7409545235129158,0.7241263466417286,-0.18267878135848434,0.5384640136682144,0.032841408900485265,-0.9410853272607826,-0.9218135164592964,0.9289746815631688,0.9244718429084728,-0.3860535614187488,-0.5091932281085442,-0.9056924926006356,0.5916253746790038,-0.9272519755976989,0.8964785342437438,-0.22108562085927072,0.9104586231315928,-0.5663027385887265,-0.4009056415753486,-0.7913346710020599,0.8925527892145398,0.5906935480790526,-0.7930463440259874,-0.8792084514772724,0.3005847680698573,-0.6136393085241104,-0.7621217769880025,-0.6163716665086889,0.6050343502547822,-0.275364996404968,-0.8953901589453792,0.9068591728769263,-0.8101487678536425,-0.9377270106480563,-0.6898946496380479,0.8859654213402421,0.8292958955438513,-0.6696725504449129,-0.9440531811710486
feat_5,-0.5743893818927932,0.9253827179008011,1.0,0.7873410434944254,-0.3881018868565085,0.8990217835215334,-0.9807639797961962,0.9549592924258914,0.7715610767510581,-0.6937739909083055,0.5668700612836136,-0.679559876197652,0.9728564473603857,-0.9808009524688049,-0.8526083527404443,-0.4980050225619697,-0.9838081460611469,0.9301621740719701,-0.8014269244087199,-0.7647294854370077,0.10458905874371874,-0.5068598083021233,-0.8900304187106042,-0.6477521424492455,-0.6074236328266861,0.9829449617421796,-0.9525388131694478,0.9775455231395528,-0.9677700655870621,-0.9510209073357356,-0.09741724260149857,0.5720621316771808,0.8750031174183195,-0.25610549399725346,0.9237364380600869,0.7834897723310474,-0.92555794600616,0.879784705864307,-0.8048104301237952,0.8643962837224501,0.6615101957307252,0.6420043580800888,-0.2822807262725415,0.5007407388366918,0.16118966908590168,-0.9534588448691356,-0.9878925817274331,0.9897563364339661,0.9874977805336397,-0.46006374859581317,-0.6840895658814695,-0.9841149396768597,0.5681704250361351,-0.9617510176890355,0.9647967466596672,-0.004730379541489231,0.9654517036485069,-0.7306715287032021,-0.5817840663622824,-0.8150737134052662,0.8916381672321393,0.5671418037806383,-0.7868096210658246,-0.9450660556565582,0.10990369894772928,-0.46666602007706004,-0.7029947060214096,-0.43335746308448136,0.5816452596986186,-0.41596269189442026,-0.9639558248104751,0.9822064677611743,-0.8748370589106952,-0.983962296724822,-0.6660043251178585,0.9659016801638896,0.7924313891258495,-0.6632634285355112,-0.9556726993150937
feat_6,-0.4318140589776917,0.7392641460186865,0.7873410434944254,1.0,-0.20802660482167798,0.6673726846744277,-0.8018950115612827,0.729661000494115,0.6043642307159278,-0.5545010390923744,0.5562884770025971,-0.5888657398710718,0.8344456538337269,-0.7736506196979757,-0.6743431418310114,-0.3635376915741074,-0.7959551302939752,0.7410326121980794,-0.6025006578789822,-0.5173825483452826,-0.06910867974032676,-0.44020423302549194,-0.6342356610132543,-0.38475391749822785,-0.4080714425245286,0.7946508849571403,-0.7788380859710324,0.754468927111029,-0.8159516191196958,-0.7137832582756531,-0.06102486192454919,0.5659515410175192,0.8115509771110848,-0.11050935747140998,0.6506495787396988,0.7742625954365658,-0.7153408177282713,0.806371940864134,-0.5946761801420828,0.7828680244839257,0.5222169397443395,0.6676573335662933,-0.07727450499734295,0.16304168532450358,-0.023546166927405694,-0.7268973017053039,-0.8014138805349901,0.8015431822473651,0.8001515600642987,-0.6005017340906521,-0.4339061696709827,-0.8007680561361952,0.5575105727423496,-0.7548629002938084,0.8069932275853621,-0.03705022554007296,0.8048383225458192,-0.4752575366547848,-0.3264425733846117,-0.8259496121701158,0.712142317126995,0.5583428160107624,-0.7619136919410677,-0.7346988138288401,0.02251982460080286,-0.3825622456382944,-0.6566186106971481,-0.40952831885108926,0.5758587476207283,-0.19730453886979774,-0.8241615718451871,0.81308605040627,-0.8291269624295781,-0.7690268162799351,-0.7604695300955872,0.8005888072024092,0.690927203039186,-0.7050293999735038,-0.7705082572687899
feat_7,-0.116601083093557,-0.2585023867163528,-0.3881018868565085,-0.20802660482167798,1.0,-0.3754707093838555,0.3886719657419918,-0.3844726589675988,-0.3008387435695869,0.17811315239970452,-0.09209707074420413,0.18243870790483174,-0.3935845762944008,0.39538120496798407,0.24300794889632338,0.2925816872149102,0.3976174276027574,-0.3641481523249833,0.3464518279716764,0.4651375311342317,-0.19602558534221357,-0.10129604807027413,0.36202996343503113,0.5822623826740776,0.1319888211868596,-0.3915897608104952,0.31392525221702233,-0.38513764036925985,0.38551419116225133,0.4056684275629095,0.23365298377153348,-0.09366116448505514,-0.19333531884098923,0.4707678431091484,-0.391003216616096,-0.27177108538668093,0.31507437711200315,-0.25879920576623966,0.40736337042657306,-0.24075809287126898,-0.08643487107456677,0.060930089269605914,0.40001054452505713,-0.340358442526151,-0.3526163315656077,0.3681355516123141,0.3928264149832759,-0.3885868729178892,-0.3933168564473464,-0.008984328117006076,0.5709242272485757,0.3820270080412209,-0.09247889199083004,0.3825322575517484,-0.3806563609894462,-0.37319404377447984,-0.3318348663809136,0.5335284816526339,0.6601176864950513,0.27551273968294454,-0.34220908996409927,-0.09235171735815884,0.24707445371641834,0.39137353157666455,0.17937647762172101,0.007944190267607338,-0.042842736878558704,-0.06074442388868264,-0.09533594003751777,0.6139421778159948,0.37801459066407245,-0.35441611518956895,0.27902842925471777,0.3943409398528968,0.008229170873002237,-0.38941316545684507,-0.1061243767843835,-0.04222931343814164,0.3395075147669499
feat_8,-0.5798682195454592,0.9147950220735149,0.8990217835215334,0.6673726846744277,-0.3754707093838555,1.0,-0.8958280470330294,0.9276035795335748,0.7033063778901549,-0.6271630931092176,0.5639003275300973,-0.5587162049798622,0.8536304839483683,-0.9217679141746585,-0.7667090787334037,-0.5247126821556509,-0.9110428055562133,0.8908098992449346,-0.7338943044367837,-0.7135107770253886,0.20815778442027413,-0.5187641567394099,-0.913562782566498,-0.6325695243406388,-0.7513510253921696,0.882179826652573,-0.8854479175052714,0.9220445960691724,-0.884874823648572,-0.8607210042974109,-0.08728075959454101,0.5693807832593424,0.767262341061466,-0.23270929161966658,0.942606033765597,0.7315697676525845,-0.9300401854749202,0.758402158112139,-0.7180247258166477,0.8160023846010247,0.6844489680607574,0.5467602813120267,-0.2799804827451701,0.6770025422827153,0.05507504446449186,-0.938892826270663,-0.904226169034453,0.900908756648558,0.899739454386332,-0.22887961457292078,-0.6508905661592017,-0.8858604319356777,0.5652413334189602,-0.9110793020005177,0.8555214472757378,-0.08318691149505542,0.8633125939582343,-0.6926302284266647,-0.5568698051070551,-0.7165190257651459,0.9147804682935257,0.5644908732254188,-0.709572638397113,-0.8553971310527877,0.23077911222379882,-0.5979505226016318,-0.6259215948835815,-0.5789066087769505,0.5762835092962331,-0.3969880626968171,-0.8401546296285811,0.8698142270986186,-0.7176759846921444,-0.9156289645355717,-0.5442499372016504,0.8643975891753632,0.7382531496850406,-0.49243901396459916,-0.9106730218946839
feat_9,0.5454226924540729,-0.9188192885011097,-0.9807639797961962,-0.8018950115612827,0.3886719657419918,-0.8958280470330294,1.0,-0.9456460456304056,-0.7826842092863331,0.6815362628643419,-0.5673863792413112,0.6931721899619586,-0.9826891086976712,0.9775593358809201,0.8369441939944511,0.519974366264781,0.9871159608544638,-0.9450477906595229,0.775611284047201,0.7636381844841428,-0.0780075125573082,0.4949963710967028,0.8739929162788417,0.6382320676472145,0.5627300629446456,-0.9906491837933697,0.9485182409534524,-0.9696268539466145,0.9605618397757254,0.9412851122734139,0.09550959977687833,-0.5732525620055614,-0.8726514568165479,0.2536534732906559,-0.9015586519987268,-0.7941754547502032,0.9176492934857872,-0.8921173876364644,0.8125055608217473,-0.8794483232638057,-0.6441960244142075,-0.6631805417314812,0.2751453098995609,-0.4439373340249411,-0.15644714584858274,0.9448795756505434,0.9917389216780421,-0.989760949268954,-0.9855469610903422,0.4861111357248197,0.6834939972585709,0.9871533117356832,-0.5699024422382774,0.9490014059353532,-0.9757584008503841,-0.025510253650066837,-0.9689806636747506,0.7226782892651235,0.5788070789381375,0.8323802907746713,-0.8978145536772052,-0.569358406391395,0.8038230956268044,0.9464951568549098,-0.07177088467806325,0.43156601881943824,0.7062731748106528,0.416965515364182,-0.5831801835870839,0.4138498656647711,0.9601118595316056,-0.981385865802661,0.900815710850255,0.9700360756229225,0.6934715202911277,-0.9740130941753243,-0.7937674109669052,0.6819129495842792,0.9424225511086981
feat_12,-0.5968145818700885,0.922577434778836,0.9549592924258914,0.729661000494115,-0.3844726589675988,0.9276035795335748,-0.9456460456304056,1.0,0.7624118914410871,-0.6806698761045731,0.5670303225091154,-0.6085597180241044,0.9189806270936047,-0.9608210785880373,-0.8247660042150151,-0.47747133405576647,-0.960676594199637,0.9108665423489887,-0.7709232066613857,-0.7382814534124893,0.24533652034720582,-0.538548873049669,-0.9099488544090669,-0.6371110390931214,-0.6871134270940601,0.9500825205182893,-0.9248007075769592,0.952208776929607,-0.9365161129188763,-0.9281126467190717,-0.09733042914087879,0.5712808160036381,0.8490389501440223,-0.23109653262749477,0.9393786413802389,0.7557059547880867,-0.9247918738656987,0.8369481213424909,-0.7531151956300727,0.854040625631873,0.6520736470098539,0.6045510123515655,-0.28484884661239307,0.5707998127544149,0.11966308130925003,-0.9546236069264818,-0.9556122449208819,0.950287755876898,0.9486175958365476,-0.382485953276168,-0.6579316757077153,-0.9414210518797876,0.569013420605145,-0.9684296136401818,0.9245744274879414,-0.06270616239537842,0.9305510860937987,-0.7098588388888475,-0.5565522696534713,-0.7868957071156804,0.9176303890996284,0.5688551138827772,-0.742771982834017,-0.9206448856061232,0.17452550620401264,-0.5748391520853722,-0.6679883228640815,-0.5238527370323907,0.5814939905292962,-0.396411623431862,-0.9103041015418157,0.9398902842260022,-0.8032151489975012,-0.9691516686314627,-0.6189495281527672,0.9328769882460973,0.784145786001332,-0.5938707764507309,-0.956318510878764
feat_13,-0.43426001501768424,0.736484198193324,0.7715610767510581,0.6043642307159278,-0.3008387435695869,0.7033063778901549,-0.7826842092863331,0.7624118914410871,1.0,-0.6547778875091221,0.49441843006189645,-0.6056240476891173,0.7883512333884779,-0.7616852618116755,-0.7235224044964045,-0.36059602528017615,-0.7905036174553268,0.7576154786931351,-0.6033545923746643,-0.694033039515462,0.06343307865345772,-0.476335804223413,-0.712210749225802,-0.4856256837461402,-0.4406703702843627,0.7986705667221786,-0.7750053583881803,0.7678443658656888,-0.7259717861580369,-0.7750382973401567,-0.04330181590796878,0.49825301741153344,0.6624118377215765,-0.1195085802940236,0.7429528793130066,0.642713210655024,-0.7271874236862232,0.7923579232537286,-0.7525028831790606,0.7331562345261023,0.5359774358131137,0.5861894085172695,-0.093177507155415,0.3254474170249428,0.23821192104136113,-0.7363952407327077,-0.7886821204050499,0.782342281130973,0.7916999790805066,-0.4924997943231254,-0.5459824384504918,-0.7867921898383557,0.49270061219002076,-0.7885567849614558,0.8079110296155514,-0.019672771164577146,0.7905695593280585,-0.5940939241040274,-0.41675471461377694,-0.6980008655642809,0.6951411387143915,0.49618607672644593,-0.607261869054223,-0.7682026627463662,0.184887751620434,-0.33467911555605356,-0.6314915867890015,-0.300059813303411,0.49833297444978847,-0.280383071763901,-0.7946902350870988,0.792289787089519,-0.793725742856514,-0.7851156176717663,-0.6377917361486803,0.7656773618699422,0.6645101789130796,-0.6819344569854211,-0.7863313404758789
feat_14,0.4562248806721872,-0.7054221005493706,-0.6937739909083055,-0.5545010390923744,0.17811315239970452,-0.6271630931092176,0.6815362628643419,-0.6806698761045731,-0.6547778875091221,1.0,-0.339162549078109,0.612789321564912,-0.6691197552329998,0.6965536743726589,0.6703200091412673,0.20725298865294325,0.7070265377430165,-0.6186407966560051,0.4557490008767205,0.6347663164645458,-0.16559428913082172,0.6309612845601306,0.6513462765937708,0.3253930225699475,0.4336169583168604,-0.7052382403149665,0.7657382722887213,-0.7036472972355714,0.6173059562813952,0.7132382653164713,-0.039355848170651166,-0.3449225804868988,-0.6475946806694963,0.03181132141971319,-0.6700376235350548,-0.6554236009632454,0.6864074695661102,-0.7753224486686153,0.6351634389267461,-0.7528313603731714,-0.6052355206526305,-0.6386263532793321,-0.08540757646716185,-0.2685652507846581,-0.2151328800255338,0.6679856807004523,0.6988375412560355,-0.6869606590255579,-0.6934655342910715,0.5255176246075001,0.4212980644078553,0.6816521523032553,-0.3405686683634607,0.7122019646693386,-0.7436036655852878,0.13116857968318282,-0.722443605049793,0.4802959571490706,0.24160867811304654,0.6622577723863036,-0.5995433955922583,-0.34010032694666764,0.5289955611169259,0.7007780271556259,-0.4096996896104786,0.37952496232925725,0.6683533706889687,0.4662084852247946,-0.3510902157973049,0.07822934983452214,0.7194017494008796,-0.7006506788631286,0.7103086612283511,0.7188313625353674,0.6609986761821479,-0.7024369718159735,-0.7389986002325397,0.5820421904349737,0.7586067117125539
feat_15,-0.5023571841409539,0.5892854903153473,0.5668700612836136,0.5562884770025971,-0.09209707074420413,0.5639003275300973,-0.5673863792413112,0.5670303225091154,0.49441843006189645,-0.339162549078109,1.0,-0.5663716639611464,0.5670929359902827,-0.5662464267272557,-0.5652460172821461,-0.5646497088133315,-0.5673337507006522,0.5657206603716569,-0.5647548729029972,-0.2369262150553197,-0.031984718717114904,-0.5547321791315573,-0.5225457825173278,-0.16700639120636482,-0.5650253595368031,0.5670998718408113,-0.5676641853805772,0.5672331071385109,-0.5667813867483482,-0.393020379261904,-0.021080464677978455,0.9762413279225922,0.6407359682426275,-0.056826007129486766,0.5649085064815499,0.5104282793128867,-0.5662655783766269,0.5662417270345633,-0.2663472589938771,0.5672593436903025,0.5409061196333222,0.5638508803887577,-0.06508327007710771,0.36231742224289704,-0.46290041997854403,-0.5675620891279698,-0.566845718242434,0.5667643020139207,0.5669768038065711,-0.21135862640562997,-0.1814111093799649,-0.5673298024784301,0.9940202852462269,-0.5674670586247142,0.566923216977819,-0.4168812549606638,0.571339100896568,-0.20225194407700384,-0.14304426513827134,-0.5631718249133681,0.5683721247956526,0.99526886724821,-0.5668605257173834,-0.4016279413974534,0.018295840725691386,-0.5429995094472102,-0.5667636112891771,-0.5601347544735364,0.9707967731465855,-0.0981047404495069,-0.5670976942622065,0.5684565469632842,-0.5668293025316677,-0.5675474629937493,-0.5480526034941069,0.5672957473115784,0.5606226860430824,-0.540127524658674,-0.5671445517364239
feat_20,0.468402335578862,-0.640733850660511,-0.679559876197652,-0.5888657398710718,0.18243870790483174,-0.5587162049798622,0.6931721899619586,-0.6085597180241044,-0.6056240476891173,0.612789321564912,-0.5663716639611464,1.0,-0.7135501499994477,0.6915176415025747,0.5946066428991954,0.49694905565379416,0.7048077837911696,-0.6443062866310673,0.6239655649504444,0.5494024160699188,0.08648233514843176,0.5472500451994613,0.5654778498804567,0.2422864532208059,0.3819625566406137,-0.7054693555465583,0.7442546996777837,-0.64718770008259,0.6484377618429225,0.6108259128477155,-0.0006948406008071923,-0.5734848174799959,-0.6903841023058755,0.10727148321045914,-0.6144771163937838,-0.6600514918299266,0.6578343344563773,-0.7633741530339113,0.5595219348080911,-0.7679539227313212,-0.6307441459335126,-0.7370170770182767,0.06967728821891252,-0.14700335034535428,0.060574366453633885,0.6024151335652637,0.706012946782413,-0.6940737325135833,-0.6915131652475048,0.5196848376518628,0.3497400445612386,0.7053194949076806,-0.5682632581060537,0.6375039875214474,-0.7568682727516355,0.1832251181516087,-0.7395421837906209,0.39419558387866327,0.17957018904592004,0.6559692273999361,-0.6306848538917708,-0.5676043912389276,0.6144268044896948,0.6081157997046315,-0.16888218742994532,0.39906825194430223,0.7687891348158308,0.3876914121965663,-0.5802528765397752,0.10539497909961125,0.7528019620487233,-0.7229963074060066,0.7766412127493321,0.6750185910007919,0.7291451043727762,-0.6954891993468183,-0.7786189086560585,0.6012400567490875,0.6930048681335627
feat_21,-0.49697735301088336,0.8847253487975452,0.9728564473603857,0.8344456538337269,-0.3935845762944008,0.8536304839483683,-0.9826891086976712,0.9189806270936047,0.7883512333884779,-0.6691197552329998,0.5670929359902827,-0.7135501499994477,1.0,-0.9614172789734594,-0.819560332406178,-0.5029369827110923,-0.977154740963024,0.9255450522765938,-0.7802559310732445,-0.7620983237672814,0.032071668356953326,-0.46435716313245706,-0.8295945305580994,-0.6344990919301796,-0.5075968445136335,0.9797128463457726,-0.9360914414856328,0.9453469996798274,-0.9557306542438069,-0.92617101000073,-0.0964955109005678,0.5744936779852956,0.8609413989851007,-0.2503951825766309,0.8679656635797606,0.8015707585555364,-0.8866285352588581,0.8990847458372333,-0.8207120138452426,0.8700427054670323,0.6038845427539078,0.6582857902208716,-0.26103643037520685,0.37756474640464194,0.17720315374166667,-0.9120712279456958,-0.9820912276130831,0.9796996795779823,0.9785832143440776,-0.5370555580595038,-0.6844086579503172,-0.9816021208387227,0.5682793782419937,-0.9326179836329974,0.9723600192409716,0.06452704967417827,0.9649243336110293,-0.7279670354220595,-0.5748263576398801,-0.855009630613209,0.871421939042814,0.5678451554483859,-0.797959789647198,-0.931394066565893,0.03246867409342787,-0.3868126944985181,-0.6950136830370252,-0.36837330176293237,0.5819895336485389,-0.40995223626984045,-0.9707967150419221,0.977841091788352,-0.9216092929113978,-0.9543736678029764,-0.7185624926317685,0.9644456407674967,0.7793497972609381,-0.7023966836851498,-0.9258206586094035
feat_22,0.573769443661099,-0.9311495644932295,-0.9808009524688049,-0.7736506196979757,0.39538120496798407,-0.9217679141746585,0.9775593358809201,-0.9608210785880373,-0.7616852618116755,0.6965536743726589,-0.5662464267272557,0.6915176415025747,-0.9614172789734594,1.0,0.8098149277806154,0.4779862939308817,0.9858778872781857,-0.9317840351463946,0.7963298694423628,0.7773132010353969,-0.12630030269567466,0.5178260208165385,0.897386933372037,0.6316003201606478,0.6273304710242303,-0.9761545549169702,0.9612478743026196,-0.9697702048684469,0.9624014823946613,0.9469308293324635,0.09243922014268839,-0.571800078010924,-0.8702450633704079,0.24722827636942238,-0.9286431910488661,-0.8042645124427441,0.9441094701882503,-0.8843083209620592,0.8090126674506165,-0.9008252381553182,-0.6763599569322394,-0.6611196202067469,0.2705115959729341,-0.4953636378762879,-0.14133254060881284,0.9627722452952449,0.9863944155030356,-0.983871350222972,-0.975158855435949,0.4355534183711341,0.6733452039322277,0.975802013746826,-0.5674466535332156,0.9559084699737196,-0.9640374200220587,0.019763525254793534,-0.9690767022351859,0.7225362015116478,0.5648347945830408,0.8305506285161557,-0.9243220588644443,-0.5671305094811703,0.8039025774919644,0.949621861106013,-0.14172501021313547,0.511099425868127,0.7183075530155683,0.47434576745245666,-0.5798057940333645,0.4050960608692611,0.9568685254134855,-0.9702562098634808,0.8690144546339981,0.978782486983061,0.6826187375074316,-0.96614204443017,-0.82155185717556,0.6283062108461136,0.9598952911395842
feat_23,0.566035900122873,-0.8327583679223471,-0.8526083527404443,-0.6743431418310114,0.24300794889632338,-0.7667090787334037,0.8369441939944511,-0.8247660042150151,-0.7235224044964045,0.6703200091412673,-0.5652460172821461,0.5946066428991954,-0.819560332406178,0.8098149277806154,1.0,0.49410537924036896,0.8408976571196339,-0.7610194615318251,0.6730696973240404,0.6245575633595337,-0.09075374016259057,0.6126800550568513,0.8237129064175468,0.4808919989508278,0.5925496700387086,-0.8362158363582897,0.825429721232021,-0.8753913813581762,0.79520350755793,0.7992622848418857,0.045899597864033005,-0.5707184851678111,-0.7834151934709348,0.19168624457642164,-0.8367747116218975,-0.6404966191249994,0.7817598298301717,-0.8081031851387633,0.6779465021344855,-0.7274479192574429,-0.6878213036169574,-0.6174045255105869,0.17350742426824942,-0.508523119979737,-0.12571018359443561,0.7924760586926163,0.8368352923158088,-0.844752627359271,-0.8628600884943272,0.4049701156348765,0.5444906561023781,0.8300838025445484,-0.5667907790849985,0.8488395514136519,-0.8458212813135976,0.12987306621304345,-0.8385781951653188,0.5844814060200872,0.4275641339953697,0.6903947634415712,-0.6963794450489282,-0.5665762297842507,0.6334907014896461,0.7713813079768215,-0.19171239370158172,0.3970617326933237,0.6655272439990468,0.46942466631996793,-0.5798440891422796,0.2793365933404083,0.8369410202219947,-0.8489152623166535,0.7787672749432227,0.8686728336034233,0.5914956728727494,-0.8097184197237959,-0.68367377986734,0.6905762997215014,0.843823839529784
feat_25,0.26874832435822466,-0.4533206767792104,-0.4980050225619697,-0.3635376915741074,0.2925816872149102,-0.5247126821556509,0.519974366264781,-0.47747133405576647,-0.36059602528017615,0.20725298865294325,-0.5646497088133315,0.49694905565379416,-0.5029369827110923,0.4779862939308817,0.49410537924036896,1.0,0.5211322130307312,-0.507441012315635,0.4876819679242917,0.3633737276594562,0.052217758384830004,0.2894053648163481,0.5014712889558439,0.3948788328230934,0.4311504137731654,-0.5022661851610698,0.4541280782623587,-0.5162617228336909,0.45122478843698016,0.35665028692223144,0.09611384416717843,-0.5684690137432433,-0.4251669282102456,0.20600531520789295,-0.5674950398640747,-0.4124162544081092,0.4565327151652631,-0.36425465740018476,0.32810847483513683,-0.3752918393073731,-0.4866556642877151,-0.22955748173069712,0.28313130421274857,-0.3930309603915325,0.2070476861315952,0.44307378086173393,0.5079201726445042,-0.5126617527160272,-0.5135651669805237,0.020236821384735922,0.4269472890362997,0.5028552940571355,-0.5665325399296788,0.4758285091176518,-0.5073720485691359,-0.0958959749108931,-0.4874120635248655,0.429372733855191,0.3926791556993396,0.30711545975996346,-0.4631738206035113,-0.5668201591748011,0.35353059322854735,0.3139258248725924,0.14775771206975685,0.27359910725328535,0.30836317023666143,0.33759001879853867,-0.5798690128668569,0.3282257649080447,0.46618827908122396,-0.5093448300384071,0.445891257009173,0.4958376434719269,0.2369677748542229,-0.4518414260203236,-0.317913238820841,0.2654635423759936,0.4523451653740175
feat_27,0.5561729636342423,-0.9322549083429463,-0.9838081460611469,-0.7959551302939752,0.3976174276027574,-0.9110428055562133,0.9871159608544638,-0.960676594199637,-0.7905036174553268,0.7070265377430165,-0.5673337507006522,0.7048077837911696,-0.977154740963024,0.9858778872781857,0.8408976571196339,0.5211322130307312,1.0,-0.9262767185573553,0.7863088897894691,0.7808651182713143,-0.1095562424126532,0.5217283788570201,0.9004631925606084,0.6361949092130692,0.6069325844251865,-0.9828588150643255,0.9604560007076116,-0.9753355858558445,0.9602484176820991,0.9493827099597522,0.09686417046984332,-0.5730576454560009,-0.8760268925168138,0.24682836356745863,-0.9304978796858896,-0.8125323007758901,0.9359229220665768,-0.8976581537361427,0.819966469256365,-0.9009065424197694,-0.6815003629323386,-0.6631295674789243,0.2663002499905097,-0.47922673390346726,-0.15600934938076036,0.9492761054427177,0.9914734853178189,-0.9894987585118821,-0.9885224761821918,0.4693970681623591,0.6828912856818574,0.979770184490546,-0.5697265195148724,0.9626966870113786,-0.9783825140467122,-0.0061299608550466475,-0.9774442453357811,0.7327938047630733,0.5659324197482021,0.8368833267043657,-0.9161108312109963,-0.56922404514953,0.7949481262882628,0.9436686310899274,-0.13246237795007507,0.47875533994433256,0.720905060567071,0.46475514232495646,-0.5827787920640266,0.40413979574085135,0.9681647696922601,-0.9821461114260436,0.8920891985846477,0.9831844045918351,0.7004191785976346,-0.9638806451174722,-0.8117718243879561,0.6642938709125756,0.9653815007780762
feat_28,-0.544613968186555,0.8795211761002673,0.9301621740719701,0.7410326121980794,-0.3641481523249833,0.8908098992449346,-0.9450477906595229,0.9108665423489887,0.7576154786931351,-0.6186407966560051,0.5657206603716569,-0.6443062866310673,0.9255450522765938,-0.9317840351463946,-0.7610194615318251,-0.507441012315635,-0.9262767185573553,1.0,-0.7500104825995574,-0.6866159031552181,0.06821722237464696,-0.44248773774665234,-0.8220937157482351,-0.6175389126319276,-0.5668670471556814,0.9423381154972724,-0.8865672049376625,0.9147247281506427,-0.9189102200172845,-0.8808410280283241,-0.09421411914243505,0.5699473001583321,0.8222327927612033,-0.2467675133148299,0.8515885793148731,0.7546530033863502,-0.890072263580295,0.8059526765157724,-0.7335142581331001,0.808937316664898,0.5848899323071474,0.5987112820103784,-0.27938372116922144,0.46481000973141173,0.07331402121211758,-0.9303512877327429,-0.9434154343071667,0.9379878581242719,0.9337553155436383,-0.39970026680222404,-0.6265770582281649,-0.9451619780111077,0.5673443559747858,-0.9104194455836124,0.9022123042162206,-0.021736232277228266,0.8929432601015045,-0.6596640751706592,-0.5638457099816444,-0.76984492966904,0.8889310060729105,0.56637261034881,-0.7628095933086784,-0.8937998472957616,0.05607513085093847,-0.4566241246632775,-0.6424124013282035,-0.40102549375550506,0.5805306985562722,-0.40876817313270014,-0.882985641854663,0.9142284884092889,-0.8218236429559661,-0.9090557655423238,-0.6193591165757487,0.9287242288042843,0.7398642639438158,-0.6220568900453749,-0.8836168983515996
feat_30,0.537901275231865,-0.7162102986387853,-0.8014269244087199,-0.6025006578789822,0.3464518279716764,-0.7338943044367837,0.775611284047201,-0.7709232066613857,-0.6033545923746643,0.4557490008767205,-0.5647548729029972,0.6239655649504444,-0.7802559310732445,0.7963298694423628,0.6730696973240404,0.4876819679242917,0.7863088897894691,-0.7500104825995574,1.0,0.5645305972586995,-0.09670704918375539,0.3453799509515457,0.673943229312348,0.5847239288405548,0.5838552498732436,-0.7795653181566032,0.7646514494080802,-0.7936488891980594,0.8358164639223425,0.7468758212261104,0.07759727498815003,-0.5628055722389623,-0.7096685290956546,0.22751583390551997,-0.7856006830834711,-0.5458023719992378,0.7063488173072023,-0.6635079121570842,0.5933204943013789,-0.664742959652587,-0.5140545413353039,-0.468389613221844,0.2681898309850889,-0.49379036184029557,-0.09300928824126568,0.7443730944096683,0.7939001606913065,-0.7954048970601355,-0.7918426271443546,0.3233891394580871,0.6028771376398628,0.7931615610822922,-0.5664438196288348,0.7738396295434065,-0.7778852373195574,0.08612062056109428,-0.7892517193771051,0.6371090287446988,0.5393929493660669,0.6312239947303743,-0.7162870129149145,-0.5661510583888525,0.6089995813983706,0.7216720524226202,0.007447401020752169,0.428004077482874,0.5592184887373717,0.26322260535914116,-0.5739661968859546,0.3977838195222793,0.7747427034385529,-0.8024965834087779,0.6833749947705143,0.8104212498034575,0.4610727537699655,-0.7632269305404239,-0.6227065756368766,0.48793508106593503,0.7586961495455029
feat_32,0.31403352008371455,-0.6608908669094774,-0.7647294854370077,-0.5173825483452826,0.4651375311342317,-0.7135107770253886,0.7636381844841428,-0.7382814534124893,-0.694033039515462,0.6347663164645458,-0.2369262150553197,0.5494024160699188,-0.7620983237672814,0.7773132010353969,0.6245575633595337,0.3633737276594562,0.7808651182713143,-0.6866159031552181,0.5645305972586995,1.0,-0.1984906411722259,0.33548385259864844,0.7288048045847946,0.6759317730028253,0.41339193305417554,-0.7730910908924374,0.769815001664537,-0.7612165448826236,0.7048787712956226,0.8082349739289024,0.10680489406798546,-0.24094995660341742,-0.49736875406964787,0.2925285043557683,-0.7591109534128632,-0.6580895742594421,0.7496356505661752,-0.6935576817001587,0.884935849844199,-0.6956638651226684,-0.5387409656088579,-0.40894923087379176,0.29031850911551427,-0.4063070763210744,-0.4713840419553518,0.7062626569706747,0.7778166311071366,-0.7724089764862218,-0.7735536711267371,0.3660335343809933,0.7721905790648592,0.7669860716877444,-0.23790847716267857,0.7428954849314613,-0.7860669382809935,-0.2890534134504196,-0.7792602813853703,0.8211531582095681,0.5872847382307138,0.5785445518444406,-0.6696294123906724,-0.2375813114436567,0.5080169294539397,0.7913047967161034,-0.16042132815196217,0.2680480885566225,0.5022574135482918,0.25243763004799846,-0.24525843492423444,0.40648865133870815,0.7839601986363479,-0.7733950125025816,0.6820941885723364,0.7765780421742436,0.485780687280434,-0.7579963046096708,-0.6306645821161293,0.3601582435513188,0.7726135814145834
feat_34,-0.14123659238886002,0.14901858646977562,0.10458905874371874,-0.06910867974032676,-0.19602558534221357,0.20815778442027413,-0.0780075125573082,0.24533652034720582,0.06343307865345772,-0.16559428913082172,-0.031984718717114904,0.08648233514843176,0.032071668356953326,-0.12630030269567466,-0.09075374016259057,0.052217758384830004,-0.1095562424126532,0.06821722237464696,-0.09670704918375539,-0.1984906411722259,1.0,-0.26844925167752354,-0.22620748039569383,-0.21379786915055726,-0.3463753314769225,0.0995098307191895,-0.11705748498763857,0.14834487662396284,-0.09530722000936828,-0.19835508850769998,-0.09771546827293016,-0.03391646067729575,0.04225694166873088,-0.12874469534257574,0.24749252726344384,0.03272011015675945,-0.16906257210547793,0.018296282970475718,-0.06700313660483424,0.08043336463367015,0.07285960331771076,-0.09309080602306077,-0.1804610744232254,0.3871011107089801,0.21352141626736934,-0.1631578431405679,-0.08715610694218032,0.08400506998344949,0.09584799072973255,0.13557917562934885,-0.1753331031395297,-0.06676297517705344,-0.030750850513021503,-0.23982073148528912,0.07194147554524906,-0.15000494747630133,0.09795988800111112,-0.22393679766377583,-0.14057352474060786,-0.0385116894583597,0.1405553705977699,-0.03124232014964616,0.06259074950968037,-0.15437845740015899,0.2985322061272653,-0.4167146677374049,0.07294602831012244,-0.2881825250641563,-0.03124686845022519,-0.12179177182165848,-0.0868166348524911,0.07983726650803831,0.09332234931894105,-0.18607398844065098,0.12363225394205993,0.1016700578070513,0.12268162048902294,0.2549694485446521,-0.22341847996342165
feat_35,0.61949030097293,-0.6315191399152379,-0.5068598083021233,-0.44020423302549194,-0.10129604807027413,-0.5187641567394099,0.4949963710967028,-0.538548873049669,-0.476335804223413,0.6309612845601306,-0.5547321791315573,0.5472500451994613,-0.46435716313245706,0.5178260208165385,0.6126800550568513,0.2894053648163481,0.5217283788570201,-0.44248773774665234,0.3453799509515457,0.33548385259864844,-0.26844925167752354,1.0,0.5798086020339605,-0.005836871093460635,0.6045536480157349,-0.5022288680800242,0.6042092278301717,-0.5548497912178385,0.4440404786469672,0.45952418246291055,-0.05646392318477904,-0.5589352301276879,-0.6267757619543736,-0.09850427232415787,-0.569675912561662,-0.5697817538029736,0.5978527918609804,-0.6254214714188412,0.3049801795529444,-0.6543463519392521,-0.7378177436946689,-0.7016198014667888,-0.11384567134443492,-0.3279098614689021,0.18183089619495718,0.5111445070568583,0.4959682085243391,-0.4949192650148459,-0.5067204414201399,0.2701489615756194,0.0827489024038753,0.47991688610205946,-0.5567062759933289,0.5926477591827175,-0.5394112721385914,0.5613036752651465,-0.5675990811269177,0.1456094255413853,-0.10987091984677898,0.505433030851221,-0.4839879129228126,-0.5560901986685872,0.44994717839945275,0.43563117010321606,-0.578145368939158,0.6288649217181025,0.6859382301423372,0.809546019277324,-0.5672215119610677,-0.18323192932608787,0.5414459724692745,-0.5070286818511371,0.5158059396242753,0.5571740734714916,0.6191930659316885,-0.4998936610599028,-0.7224753434718947,0.5057255665137653,0.6331493023292367
feat_36,0.6205918883726518,-0.9090993123236735,-0.8900304187106042,-0.6342356610132543,0.36202996343503113,-0.913562782566498,0.8739929162788417,-0.9099488544090669,-0.712210749225802,0.6513462765937708,-0.5225457825173278,0.5654778498804567,-0.8295945305580994,0.897386933372037,0.8237129064175468,0.5014712889558439,0.9004631925606084,-0.8220937157482351,0.673943229312348,0.7288048045847946,-0.22620748039569383,0.5798086020339605,1.0,0.5785987665102109,0.7436032965199367,-0.8664946057845183,0.866713646396091,-0.9237984872261312,0.8457485318222767,0.8602449931657774,0.08882251134282189,-0.5314202296755169,-0.781428919641832,0.23161992775241314,-0.9441651760917048,-0.7056740156473155,0.9219502958865502,-0.771186538646585,0.7220355065995294,-0.8068209035437118,-0.76569049496766,-0.570213850019091,0.27648900496107365,-0.6906209587062413,-0.08473562154764139,0.919011418965339,0.880838272190822,-0.8907809163862217,-0.8899759419388226,0.2323664886534903,0.5993489471651985,0.8638260560215928,-0.5247121823874608,0.8988848507352025,-0.852334048546733,0.10357881200519879,-0.8636313769993925,0.6571123696951344,0.5045110179418804,0.684529038239262,-0.8703219460050793,-0.5239906114687711,0.7042987298041514,0.8407630222013274,-0.3025627614350536,0.5772025921344466,0.6458541525680173,0.6072340753990834,-0.5409226698131969,0.37732563603089364,0.8455231228024297,-0.8665318830622994,0.7176100685970316,0.9115592484534408,0.5429244228055766,-0.8391739973741111,-0.7252137857396452,0.5404660082637898,0.9100810539605863
feat_38,0.09653229307814569,-0.4677522844584279,-0.6477521424492455,-0.38475391749822785,0.5822623826740776,-0.6325695243406388,0.6382320676472145,-0.6371110390931214,-0.4856256837461402,0.3253930225699475,-0.16700639120636482,0.2422864532208059,-0.6344990919301796,0.6316003201606478,0.4808919989508278,0.3948788328230934,0.6361949092130692,-0.6175389126319276,0.5847239288405548,0.6759317730028253,-0.21379786915055726,-0.005836871093460635,0.5785987665102109,1.0,0.3395470392507158,-0.6392812675121098,0.5476959437990707,-0.6438845995148124,0.650568561570793,0.6639107606408123,0.1483975296205204,-0.16984267741022793,-0.34732477565178593,0.36883179785671355,-0.6440912024136104,-0.3910835213074334,0.5388242059999686,-0.3832727550850866,0.6439401548363477,-0.3779569368040801,-0.21738915714315327,0.03275017544562402,0.4462968982270533,-0.5317805366006363,-0.4471758708695771,0.6078117456740316,0.6429286989091423,-0.6453919971040938,-0.6451488245702744,0.09266075302714355,0.8861019661471954,0.6440928473513126,-0.1676987757520364,0.6324348555804763,-0.5956782787829339,-0.48934504893595293,-0.5651221091717351,0.8658078977970646,0.8731660969531491,0.3830845750406373,-0.5630679518875514,-0.16746816063818112,0.31057215904224184,0.6472903309971276,0.16904518634473242,0.06922284598606795,0.08041088153814446,0.004920755307973054,-0.1728796710826356,0.6260639803350345,0.5781782642072318,-0.6295046421111096,0.42476081488233286,0.6430064823489181,0.09337093664951168,-0.6267765324502744,-0.25956367603645863,0.08704432918738786,0.5696515086580746
feat_39,0.6582334595651282,-0.703985878697381,-0.6074236328266861,-0.4080714425245286,0.1319888211868596,-0.7513510253921696,0.5627300629446456,-0.6871134270940601,-0.4406703702843627,0.4336169583168604,-0.5650253595368031,0.3819625566406137,-0.5075968445136335,0.6273304710242303,0.5925496700387086,0.4311504137731654,0.6069325844251865,-0.5668670471556814,0.5838552498732436,0.41339193305417554,-0.3463753314769225,0.6045536480157349,0.7436032965199367,0.3395470392507158,1.0,-0.5598863233654784,0.6296764461731112,-0.6524044500180385,0.580849010221875,0.5407168437080486,0.019005945890909523,-0.5682896475335114,-0.5686384199444713,0.038702166082126795,-0.7672071251510734,-0.5142250304974936,0.7062673118103756,-0.519372944300891,0.4090323583097989,-0.5923092153148927,-0.6969820803551866,-0.4513485278561442,0.10786528169854688,-0.7522369114115268,0.19736379064187093,0.6780513811517584,0.5870925557058098,-0.5943566489000326,-0.5954216654816062,0.05728241130876017,0.33847890530283986,0.5573632347690716,-0.5666940513465264,0.6646929377525149,-0.5448696844115617,0.354782009164799,-0.5793828395315527,0.38339091136451314,0.2579314163899319,0.4449358511618083,-0.6529730988223384,-0.5660674437641365,0.43993305402587385,0.5032504045082727,-0.37387779169384827,0.8115736152560805,0.5506357638863835,0.7173203724937772,-0.577538213127396,0.10197210564475688,0.5464404104309275,-0.5825445315778921,0.4237223954920192,0.6602561942076196,0.38737218562093517,-0.5289403671858943,-0.6360675229379974,0.29334023939180404,0.693642662937687
feat_43,-0.5572592595855893,0.9075102119039061,0.9829449617421796,0.7946508849571403,-0.3915897608104952,0.882179826652573,-0.9906491837933697,0.9500825205182893,0.7986705667221786,-0.7052382403149665,0.5670998718408113,-0.7054693555465583,0.9797128463457726,-0.9761545549169702,-0.8362158363582897,-0.5022661851610698,-0.9828588150643255,0.9423381154972724,-0.7795653181566032,-0.7730910908924374,0.0995098307191895,-0.5022288680800242,-0.8664946057845183,-0.6392812675121098,-0.5598863233654784,1.0,-0.9494426361039275,0.9660697676655007,-0.9570398267349853,-0.9459203573381422,-0.09739364822924866,0.5727512962596544,0.8730618513015861,-0.2543702652889033,0.8983608826045335,0.7878034503671099,-0.9144166879186402,0.8948802800251426,-0.8113372156020298,0.87400544334039,0.6373465756158918,0.6625731206380312,-0.27780574633510524,0.43501278551288636,0.16570763977680822,-0.9423782019065698,-0.9922428719270523,0.9872876200571722,0.9826008786552946,-0.5074974118934863,-0.683908339585069,-0.9892994226686187,0.569628395257924,-0.9548231287196929,0.9821696123869518,0.013096801911564997,0.9726662561128139,-0.7240903365999358,-0.5786432018201159,-0.8306607697370304,0.8900755924964809,0.5692491323578911,-0.7954875284582464,-0.9505180906131335,0.08595108601033281,-0.44675450137521794,-0.7108694185365181,-0.40946920535048287,0.5830486986110748,-0.4103839350757257,-0.9653066090971744,0.9853180843231814,-0.903102275639837,-0.9734544339891996,-0.6934704068562071,0.9814423815009721,0.7996446911940955,-0.6860179374894173,-0.9492861880900377
feat_44,0.6082608866289353,-0.9289794078768626,-0.9525388131694478,-0.7788380859710324,0.31392525221702233,-0.8854479175052714,0.9485182409534524,-0.9248007075769592,-0.7750053583881803,0.7657382722887213,-0.5676641853805772,0.7442546996777837,-0.9360914414856328,0.9612478743026196,0.825429721232021,0.4541280782623587,0.9604560007076116,-0.8865672049376625,0.7646514494080802,0.769815001664537,-0.11705748498763857,0.6042092278301717,0.866713646396091,0.5476959437990707,0.6296764461731112,-0.9494426361039275,1.0,-0.9464473200051057,0.9219214812089895,0.9225351913667422,-0.014938296178070744,-0.5729114284735585,-0.8718698795137658,0.14333290326175394,-0.903201812598077,-0.8342681876449399,0.928890409439251,-0.922478856065416,0.8093903403560342,-0.9376312537468597,-0.7242556798305143,-0.7451626544774655,0.1691643487145905,-0.44527610139904544,-0.12259441777560132,0.9247128452910578,0.9598561520957842,-0.9553793484960831,-0.9524453121427533,0.5058355338585457,0.6189008668595668,0.9471197725798096,-0.5699154790848032,0.9370588493193497,-0.9608121605041882,0.08637764986805511,-0.9650839626106266,0.6671724469225514,0.46442230812779317,0.8255464673257454,-0.8721321767610349,-0.5692774831198882,0.7864472814400476,0.926302569962423,-0.2306664659271245,0.5307927701565789,0.7991839409984387,0.5328696373149865,-0.5816865935570635,0.29520647599321836,0.958642309297738,-0.955408520854597,0.8850839070961565,0.9624276100759495,0.7539627458903166,-0.9435076154676706,-0.8906580510894563,0.6726875211926092,0.9566811057462846
feat_45,-0.5992916000837895,0.9444984905602514,0.9775455231395528,0.754468927111029,-0.38513764036925985,0.9220445960691724,-0.9696268539466145,0.952208776929607,0.7678443658656888,-0.7036472972355714,0.5672331071385109,-0.64718770008259,0.9453469996798274,-0.9697702048684469,-0.8753913813581762,-0.5162617228336909,-0.9753355858558445,0.9147247281506427,-0.7936488891980594,-0.7612165448826236,0.14834487662396284,-0.5548497912178385,-0.9237984872261312,-0.6438845995148124,-0.6524044500180385,0.9660697676655007,-0.9464473200051057,1.0,-0.9441545022971369,-0.9478186920753141,-0.09634519886878644,0.5718414902180504,0.8617832799974243,-0.251033429641691,0.9477034175213452,0.7490349338292722,-0.9336413157524917,0.859533393717194,-0.7895042974602673,0.8617620089041454,0.6900706606424469,0.6254552709450657,-0.286323684968459,0.559764433291349,0.17239376517078103,-0.9551476802637153,-0.9706129796864479,0.9759389941365977,0.9772439122478853,-0.3995253672279269,-0.6800044577293359,-0.9585445180297699,0.5698152342501934,-0.9686362095582943,0.9522886696645694,-0.04963504500732418,0.9554059905158061,-0.7257815507341152,-0.5791840826673508,-0.7960162664901763,0.8864083442962036,0.5691773990268615,-0.775500777261188,-0.9304769030109205,0.17876334258664947,-0.49350174772470445,-0.6852257824129926,-0.4956601181752992,0.5815861240618173,-0.41459582402664275,-0.9408870288087324,0.9607365819657999,-0.8405364621697416,-0.9817413577527029,-0.6324788685975323,0.9423784284064606,0.7773471106342308,-0.6400896033045674,-0.9624451789149601
feat_46,0.5548579083994817,-0.8936981367374931,-0.9677700655870621,-0.8159516191196958,0.38551419116225133,-0.884874823648572,0.9605618397757254,-0.9365161129188763,-0.7259717861580369,0.6173059562813952,-0.5667813867483482,0.6484377618429225,-0.9557306542438069,0.9624014823946613,0.79520350755793,0.45122478843698016,0.9602484176820991,-0.9189102200172845,0.8358164639223425,0.7048787712956226,-0.09530722000936828,0.4440404786469672,0.8457485318222767,0.650568561570793,0.580849010221875,-0.9570398267349853,0.9219214812089895,-0.9441545022971369,1.0,0.9209963534620919,0.09730994644026014,-0.5702167929246197,-0.8719689726796178,0.2528110332671986,-0.8879867514011143,-0.7652009106993112,0.8925814239853359,-0.8433819852727845,0.7512581902409533,-0.8462900000092375,-0.6155371447410766,-0.6147185669320429,0.2854126746955639,-0.4712020291117319,-0.12023916896704605,0.9301679668322719,0.9654322888687275,-0.9692423348522223,-0.9650281017293434,0.4526802919093218,0.6665681801620442,0.9648268911729929,-0.5692796238892651,0.9374400598780811,-0.9364369307295975,0.016897566425690087,-0.93955225873241,0.7078055273852494,0.5811750991720978,0.8158384423458651,-0.902126915896088,-0.5689640887236236,0.7986917449825134,0.9255376904163127,-0.058450685549980085,0.461365263814255,0.6683521692756986,0.39395424383336203,-0.5811525760277902,0.41664641299974714,0.9407859547727738,-0.9606896359794291,0.8476994781128049,0.9567678590173441,0.654643220091278,-0.9502106644004307,-0.7579755506460788,0.6290018240144815,0.9232703070508766
feat_48,0.5411210501717976,-0.8936719768645631,-0.9510209073357356,-0.7137832582756531,0.4056684275629095,-0.8607210042974109,0.9412851122734139,-0.9281126467190717,-0.7750382973401567,0.7132382653164713,-0.393020379261904,0.6108259128477155,-0.92617101000073,0.9469308293324635,0.7992622848418857,0.35665028692223144,0.9493827099597522,-0.8808410280283241,0.7468758212261104,0.8082349739289024,-0.19835508850769998,0.45952418246291055,0.8602449931657774,0.6639107606408123,0.5407168437080486,-0.9459203573381422,0.9225351913667422,-0.9478186920753141,0.9209963534620919,1.0,0.10061583341124278,-0.39969508357402916,-0.8088347599718798,0.25870463108421454,-0.8946409464879173,-0.7187015586611641,0.8993306505620162,-0.8411065450803206,0.8289272414887265,-0.8391726907307471,-0.594398648368063,-0.5892348051813827,0.29576669618242246,-0.464065989096856,-0.3530837898456788,0.9192563759874105,0.9486942387378787,-0.9493812197974252,-0.9456341616460289,0.47004358647160216,0.706765962146649,0.9381934585100757,-0.39464978538683887,0.9351286799912361,-0.9334202235462146,-0.04709048627006424,-0.9348477543587598,0.7561212039423845,0.5917233339724497,0.7691573247634504,-0.8524389248860709,-0.39410707298609654,0.7206379864459731,0.9679560028756666,-0.18155238922427494,0.4179670288901822,0.647638035832306,0.36323084485690804,-0.40684211786609276,0.42055816857602724,0.9284934112666188,-0.9410889310451487,0.8169268238551695,0.95763741739202,0.6080543359697599,-0.9254904022906792,-0.7659623564699622,0.5930300670540299,0.9391588329279812
feat_51,-0.05179047388007888,-0.05916963903751676,-0.09741724260149857,-0.06102486192454919,0.23365298377153348,-0.08728075959454101,0.09550959977687833,-0.09733042914087879,-0.04330181590796878,-0.039355848170651166,-0.021080464677978455,-0.0006948406008071923,-0.0964955109005678,0.09243922014268839,0.045899597864033005,0.09611384416717843,0.09686417046984332,-0.09421411914243505,0.07759727498815003,0.10680489406798546,-0.09771546827293016,-0.05646392318477904,0.08882251134282189,0.1483975296205204,0.019005945890909523,-0.09739364822924866,-0.014938296178070744,-0.09634519886878644,0.09730994644026014,0.10061583341124278,1.0,-0.021438476312774478,-0.04425328978326559,0.37764562306992505,-0.09665904425574026,-0.07408807897304594,0.09453567862510388,-0.0016378047844512068,0.036879907248577024,0.01341173468193124,0.02466500353466421,0.0669710728991661,0.31400441327762885,-0.09498893494749286,-0.09531287638374386,0.09132754525790159,0.09456165866764821,-0.09719377923467638,-0.09739020038088479,-0.0693660515287263,0.1409698272865625,0.09117766262474775,-0.021167861261146177,0.09686021164625414,-0.08087569186588252,-0.09707277822606783,-0.07595500185986942,0.13174385465257243,0.1670382407020734,0.08374777908331776,-0.08127516667276162,-0.021138751753858962,0.060114412532456814,0.08050136087017792,0.09307714750512978,0.0868546240509042,-0.07545988790270453,0.03419900358227553,-0.021821822347473985,0.2218963023783769,0.07678293240369641,-0.08112371367718267,0.026206700297431385,0.09471477424125996,-0.07158080113117277,-0.09494584035125829,0.06036974506165,-0.093099524070044,0.08275739275849445
feat_52,-0.508927357232938,0.5962939769518336,0.5720621316771808,0.5659515410175192,-0.09366116448505514,0.5693807832593424,-0.5732525620055614,0.5712808160036381,0.49825301741153344,-0.3449225804868988,0.9762413279225922,-0.5734848174799959,0.5744936779852956,-0.571800078010924,-0.5707184851678111,-0.5684690137432433,-0.5730576454560009,0.5699473001583321,-0.5628055722389623,-0.24094995660341742,-0.03391646067729575,-0.5589352301276879,-0.5314202296755169,-0.16984267741022793,-0.5682896475335114,0.5727512962596544,-0.5729114284735585,0.5718414902180504,-0.5702167929246197,-0.39969508357402916,-0.021438476312774478,1.0,0.6486950531029779,-0.05779108887802196,0.5692489958291349,0.51991072498384,-0.5714059779546282,0.5745882451983159,-0.2708706610664818,0.5739176814162226,0.5462614022864751,0.5717884192570741,-0.06618858574609848,0.3593672568191417,-0.45862621045310675,-0.5736221883483364,-0.5732357434584479,0.5728010644609477,0.5728550998629118,-0.2145636205695313,-0.18449203234970984,-0.5743786516777014,0.9716303938992468,-0.5716530976072578,0.5721960266427989,-0.4147364716717686,0.5765184205223555,-0.20568680902167094,-0.14547360016445057,-0.5690948270706019,0.5734766306683411,0.975617337461918,-0.5710985874919118,-0.4084488287960917,0.012380339880673077,-0.5454616979951277,-0.5722565655500983,-0.5649463301096134,0.9774450433895616,-0.0997708630443403,-0.5750647520451776,0.5740506422612182,-0.5743871364076072,-0.5724905114444109,-0.5541635216072682,0.5736321847422562,0.5675090779978579,-0.547722165343383,-0.5727261307197066
feat_53,-0.6388568130877776,0.8754155733770906,0.8750031174183195,0.8115509771110848,-0.19333531884098923,0.767262341061466,-0.8726514568165479,0.8490389501440223,0.6624118377215765,-0.6475946806694963,0.6407359682426275,-0.6903841023058755,0.8609413989851007,-0.8702450633704079,-0.7834151934709348,-0.4251669282102456,-0.8760268925168138,0.8222327927612033,-0.7096685290956546,-0.49736875406964787,0.04225694166873088,-0.6267757619543736,-0.781428919641832,-0.34732477565178593,-0.5686384199444713,0.8730618513015861,-0.8718698795137658,0.8617832799974243,-0.8719689726796178,-0.8088347599718798,-0.04425328978326559,0.6486950531029779,1.0,-0.11929233056015578,0.7885073488536494,0.7645447368507639,-0.8287136137466644,0.8607251110265675,-0.5591310540487024,0.8604229095426195,0.6784660853459912,0.7728395900415734,-0.1366264384946652,0.3326754516520765,-0.10422770288845731,-0.8529809201359181,-0.8767216771751906,0.8770253194548466,0.8713681676174745,-0.513472287408468,-0.37964641959931084,-0.8708408469641364,0.6423940362533687,-0.8647920028309137,0.8730942558053598,-0.2728356612094125,0.8820794673950816,-0.4214740363346879,-0.29954776377615566,-0.8133283178912003,0.8131940896201698,0.6413527201474876,-0.8228405005315428,-0.8186127495655764,0.17473267485005525,-0.5363023517815492,-0.7790098511377005,-0.558560033585189,0.6566103074706331,-0.2048017677091619,-0.874611050620764,0.8752449536986545,-0.8407168622474351,-0.8685142878424514,-0.7537585544377208,0.8656275380593156,0.8150323816448639,-0.7500837496121223,-0.8678296889446347
feat_57,-0.07179238484897678,-0.15950190762671204,-0.25610549399725346,-0.11050935747140998,0.4707678431091484,-0.23270929161966658,0.2536534732906559,-0.23109653262749477,-0.1195085802940236,0.03181132141971319,-0.056826007129486766,0.10727148321045914,-0.2503951825766309,0.24722827636942238,0.19168624457642164,0.20600531520789295,0.24682836356745863,-0.2467675133148299,0.22751583390551997,0.2925285043557683,-0.12874469534257574,-0.09850427232415787,0.23161992775241314,0.36883179785671355,0.038702166082126795,-0.2543702652889033,0.14333290326175394,-0.251033429641691,0.2528110332671986,0.25870463108421454,0.37764562306992505,-0.05779108887802196,-0.11929233056015578,1.0,-0.251091384983104,-0.15109926841737661,0.21569579501621133,-0.08763519039406194,0.21036291583288025,-0.05260003281758341,-0.0667070209599187,0.06892355873312331,0.5349075632795489,-0.24638764901004437,-0.24333042624196957,0.2288131288306801,0.25487888470221254,-0.2555886678631819,-0.2533195584159349,-0.1651180564910734,0.3716374593479618,0.25156269446719215,-0.05706159960498707,0.2247515020536699,-0.23053932795212226,-0.253558410132963,-0.20474973123899046,0.34009709064668936,0.4320972543513755,0.09539870093616491,-0.19332260814324237,-0.05698312993679387,0.17828073580214585,0.2419959523430303,0.23164563684266656,-0.006716838852033881,-0.06466635615641682,-0.054235993638805796,-0.058824463845493676,0.4846342167484438,0.22171578584994828,-0.21868288020262475,0.10507158684258425,0.25667786888394717,-0.13178705182527484,-0.25430203998301154,0.007864132148949638,-0.09352823110394788,0.1854886908683599
feat_59,-0.5998591451838347,0.9212293378888717,0.9237364380600869,0.6506495787396988,-0.391003216616096,0.942606033765597,-0.9015586519987268,0.9393786413802389,0.7429528793130066,-0.6700376235350548,0.5649085064815499,-0.6144771163937838,0.8679656635797606,-0.9286431910488661,-0.8367747116218975,-0.5674950398640747,-0.9304978796858896,0.8515885793148731,-0.7856006830834711,-0.7591109534128632,0.24749252726344384,-0.569675912561662,-0.9441651760917048,-0.6440912024136104,-0.7672071251510734,0.8983608826045335,-0.903201812598077,0.9477034175213452,-0.8879867514011143,-0.8946409464879173,-0.09665904425574026,0.5692489958291349,0.7885073488536494,-0.251091384983104,1.0,0.7144221786796745,-0.9164464096476936,0.790889916803042,-0.7581708334453681,0.8188214958499274,0.7488419394407735,0.5547101204013153,-0.28340980818497363,0.6930759956291774,0.13930938159950135,-0.9182023084778824,-0.916370184988589,0.9222846573090601,0.9189567949553565,-0.26995944966394025,-0.6784449653284915,-0.8974414459197232,0.5660857362710771,-0.9327138112154396,0.8897313636154652,-0.06919616190917359,0.9003886718228714,-0.7304497406188278,-0.569660785560092,-0.7139324153911156,0.8762147261784904,0.5656308021871572,-0.6852008388246782,-0.8559415241628263,0.23831612267787977,-0.5825202652453575,-0.6525871321898016,-0.5635938290927143,0.578401699817175,-0.40396552211715214,-0.8824274020442234,0.9057581275576198,-0.7534753380773372,-0.9539548040081277,-0.5471420537909262,0.8666283863214779,0.7478074355802061,-0.5229495384513329,-0.9410099668256051
feat_61,-0.4260624982828051,0.7655635890645274,0.7834897723310474,0.7742625954365658,-0.27177108538668093,0.7315697676525845,-0.7941754547502032,0.7557059547880867,0.642713210655024,-0.6554236009632454,0.5104282793128867,-0.6600514918299266,0.8015707585555364,-0.8042645124427441,-0.6404966191249994,-0.4124162544081092,-0.8125323007758901,0.7546530033863502,-0.5458023719992378,-0.6580895742594421,0.03272011015675945,-0.5697817538029736,-0.7056740156473155,-0.3910835213074334,-0.5142250304974936,0.7878034503671099,-0.8342681876449399,0.7490349338292722,-0.7652009106993112,-0.7187015586611641,-0.07408807897304594,0.51991072498384,0.7645447368507639,-0.15109926841737661,0.7144221786796745,1.0,-0.8053648608989568,0.8327522500799196,-0.692137225090308,0.8482260708847286,0.6790643564666892,0.7054605652435886,-0.0925576368453217,0.2626343579494065,-0.040757952488593464,-0.7579215652241282,-0.8075000142953163,0.7956289376669065,0.7953059727142852,-0.50008576480487,-0.46890586860972994,-0.7975250220954785,0.5120049050409726,-0.771524603831008,0.8129308098213399,-0.02179968344184472,0.8055441634478089,-0.5113456372959995,-0.2981022387763028,-0.7569109871454148,0.7516643534615604,0.5121099473962282,-0.7247148834269063,-0.7434905330062963,0.17362749849468237,-0.47405221277347426,-0.7313008210050301,-0.5547984093541835,0.5321805861357242,-0.17093326306585332,-0.8323683629765389,0.7952908929758559,-0.8081710351910018,-0.7795594028568346,-0.7824816906733162,0.8099564667735062,0.8163346168964517,-0.5722152523436176,-0.7998835593362142
feat_63,0.6653552027768025,-0.939288504955013,-0.92555794600616,-0.7153408177282713,0.31507437711200315,-0.9300401854749202,0.9176492934857872,-0.9247918738656987,-0.7271874236862232,0.6864074695661102,-0.5662655783766269,0.6578343344563773,-0.8866285352588581,0.9441094701882503,0.7817598298301717,0.4565327151652631,0.9359229220665768,-0.890072263580295,0.7063488173072023,0.7496356505661752,-0.16906257210547793,0.5978527918609804,0.9219502958865502,0.5388242059999686,0.7062673118103756,-0.9144166879186402,0.928890409439251,-0.9336413157524917,0.8925814239853359,0.8993306505620162,0.09453567862510388,-0.5714059779546282,-0.8287136137466644,0.21569579501621133,-0.9164464096476936,-0.8053648608989568,1.0,-0.8355748650154571,0.7498610209100792,-0.8846117192051933,-0.752652119340486,-0.6785962307451076,0.27065571821721507,-0.5573274002056249,-0.05352516402111091,0.9472751659777867,0.9288735076349345,-0.9294827284564564,-0.9246875838637756,0.3570373431817957,0.5760679093055133,0.91415590630194,-0.5688624760652881,0.9189620733543824,-0.8992658276340592,0.14425758541239095,-0.9121391174618526,0.6351426245522095,0.44456798845860424,0.7483349336568645,-0.9148257799489202,-0.5682743938639041,0.7684187803217559,0.8960211597175113,-0.29377370856317053,0.6278019559732213,0.749400712072446,0.611384623514705,-0.5806059064600518,0.3138569089558744,0.8958706788478342,-0.9097105959498382,0.7839491719659175,0.9315596256151057,0.6628422936900673,-0.8981173411408644,-0.8514326073591789,0.5765149399931675,0.9458274775859117
feat_64,-0.5216687862714444,0.86136487096113,0.879784705864307,0.806371940864134,-0.25879920576623966,0.758402158112139,-0.8921173876364644,0.8369481213424909,0.7923579232537286,-0.7753224486686153,0.5662417270345633,-0.7633741530339113,0.8990847458372333,-0.8843083209620592,-0.8081031851387633,-0.36425465740018476,-0.8976581537361427,0.8059526765157724,-0.6635079121570842,-0.6935576817001587,0.018296282970475718,-0.6254214714188412,-0.771186538646585,-0.3832727550850866,-0.519372944300891,0.8948802800251426,-0.922478856065416,0.859533393717194,-0.8433819852727845,-0.8411065450803206,-0.0016378047844512068,0.5745882451983159,0.8607251110265675,-0.08763519039406194,0.790889916803042,0.8327522500799196,-0.8355748650154571,1.0,-0.7778896865985429,0.9212036891814711,0.6959999151456951,0.8551211148587832,0.01523662375269655,0.26727284565167575,0.10160717402641087,-0.8251281091493611,-0.8957528552310575,0.8865106137733858,0.8904873249290747,-0.6638669713203758,-0.49051001243406445,-0.8834126784727421,0.5675660201287752,-0.8584776561752745,0.931878490842523,-0.14133944778976443,0.9176336387235565,-0.538966680262953,-0.32160577063958024,-0.9022214607070278,0.7808266666593828,0.5669283460969015,-0.7924623564985311,-0.8528340639190181,0.21532521576765876,-0.45336901560573434,-0.8562780539796534,-0.4726424047296487,0.5807087576668746,-0.18006446397125817,-0.9369764204937686,0.9005033727016633,-0.9624759709144557,-0.883648378493314,-0.87727855186385,0.8879690412422135,0.8825855383123593,-0.8077095736627529,-0.8927047090785966
feat_66,0.3157703184344574,-0.7125513925195176,-0.8048104301237952,-0.5946761801420828,0.40736337042657306,-0.7180247258166477,0.8125055608217473,-0.7531151956300727,-0.7525028831790606,0.6351634389267461,-0.2663472589938771,0.5595219348080911,-0.8207120138452426,0.8090126674506165,0.6779465021344855,0.32810847483513683,0.819966469256365,-0.7335142581331001,0.5933204943013789,0.884935849844199,-0.06700313660483424,0.3049801795529444,0.7220355065995294,0.6439401548363477,0.4090323583097989,-0.8113372156020298,0.8093903403560342,-0.7895042974602673,0.7512581902409533,0.8289272414887265,0.036879907248577024,-0.2708706610664818,-0.5591310540487024,0.21036291583288025,-0.7581708334453681,-0.692137225090308,0.7498610209100792,-0.7778896865985429,1.0,-0.735721603853986,-0.5182687057870808,-0.4923825279642209,0.18594519617123706,-0.3640605573678257,-0.42541603365256114,0.7455750440519361,0.8210509603011107,-0.8180878186952345,-0.8176895560141343,0.4567056883249289,0.7364594478858811,0.8109487291922042,-0.26745149652980155,0.7623042690696605,-0.8256405529493481,-0.27176780105684745,-0.8155674265470103,0.7806379670070936,0.5683457322369513,0.6761319505627458,-0.6814857343175245,-0.2670837039979456,0.5805823521840932,0.8291479725170061,-0.11352428544506146,0.22712724467176346,0.5598911792171448,0.19876881308842861,-0.2757141579792916,0.3698014122447929,0.8237065358815568,-0.8189413602535803,0.7838414897077765,0.8037152400072174,0.5811713544693041,-0.7969124267323904,-0.6523689530669337,0.5095460490210032,0.7815377250850851
feat_70,-0.6027201251176919,0.8900835409230301,0.8643962837224501,0.7828680244839257,-0.24075809287126898,0.8160023846010247,-0.8794483232638057,0.854040625631873,0.7331562345261023,-0.7528313603731714,0.5672593436903025,-0.7679539227313212,0.8700427054670323,-0.9008252381553182,-0.7274479192574429,-0.3752918393073731,-0.9009065424197694,0.808937316664898,-0.664742959652587,-0.6956638651226684,0.08043336463367015,-0.6543463519392521,-0.8068209035437118,-0.3779569368040801,-0.5923092153148927,0.87400544334039,-0.9376312537468597,0.8617620089041454,-0.8462900000092375,-0.8391726907307471,0.01341173468193124,0.5739176814162226,0.8604229095426195,-0.05260003281758341,0.8188214958499274,0.8482260708847286,-0.8846117192051933,0.9212036891814711,-0.735721603853986,1.0,0.7223997666898752,0.8236008573354392,-0.05959562923048288,0.3186475304851003,0.012997015251589484,-0.8568657140105582,-0.8865348071674855,0.8789211543688537,0.8716368093084057,-0.5660669953557332,-0.46923638746476626,-0.8678833054232163,0.5692033827889391,-0.8648432630943185,0.9046740551908568,-0.19588248515079668,0.9133727177152028,-0.530219126726737,-0.2815422181535588,-0.8535336639930785,0.8642321819224309,0.568461659046511,-0.801396674223215,-0.8538009722645149,0.33318019941368116,-0.5755713296838504,-0.8498774381382412,-0.6046034984878365,0.5803250282766821,-0.1575065908630265,-0.9054525616134015,0.8814586913851339,-0.8774420987607566,-0.8768557251325887,-0.8604399373289742,0.8734614748013105,0.9244715873535166,-0.6973058139476176,-0.9198287599468818
feat_73,-0.6433122666212402,0.7409545235129158,0.6615101957307252,0.5222169397443395,-0.08643487107456677,0.6844489680607574,-0.6441960244142075,0.6520736470098539,0.5359774358131137,-0.6052355206526305,0.5409061196333222,-0.6307441459335126,0.6038845427539078,-0.6763599569322394,-0.6878213036169574,-0.4866556642877151,-0.6815003629323386,0.5848899323071474,-0.5140545413353039,-0.5387409656088579,0.07285960331771076,-0.7378177436946689,-0.76569049496766,-0.21738915714315327,-0.6969820803551866,0.6373465756158918,-0.7242556798305143,0.6900706606424469,-0.6155371447410766,-0.594398648368063,0.02466500353466421,0.5462614022864751,0.6784660853459912,-0.0667070209599187,0.7488419394407735,0.6790643564666892,-0.752652119340486,0.6959999151456951,-0.5182687057870808,0.7223997666898752,1.0,0.7020443464150072,-0.003776150640060022,0.5022438117504564,-0.13816371985650347,-0.6593391159137645,-0.6575197794287158,0.6705139939090338,0.6621968754644592,-0.23460885324390715,-0.30203597211630295,-0.6426942569306275,0.5430624956954024,-0.6699780617312674,0.6728448373574863,-0.3232252878801295,0.6854998470815014,-0.3528121136342961,-0.13167264723124145,-0.539895219026894,0.6498423860764121,0.5425003936330047,-0.6032684412908923,-0.5611033138820825,0.4353261497039648,-0.6001132636661445,-0.7871159255554199,-0.6944070542185659,0.5545225862315001,-0.00813363093486015,-0.6791935199411754,0.6646164687181523,-0.6255235618548173,-0.6921705255858476,-0.6229569534380621,0.6019656400063395,0.7512026026654878,-0.5340619826691488,-0.7276549754266002
feat_74,-0.621214142945563,0.7241263466417286,0.6420043580800888,0.6676573335662933,0.060930089269605914,0.5467602813120267,-0.6631805417314812,0.6045510123515655,0.5861894085172695,-0.6386263532793321,0.5638508803887577,-0.7370170770182767,0.6582857902208716,-0.6611196202067469,-0.6174045255105869,-0.22955748173069712,-0.6631295674789243,0.5987112820103784,-0.468389613221844,-0.40894923087379176,-0.09309080602306077,-0.7016198014667888,-0.570213850019091,0.03275017544562402,-0.4513485278561442,0.6625731206380312,-0.7451626544774655,0.6254552709450657,-0.6147185669320429,-0.5892348051813827,0.0669710728991661,0.5717884192570741,0.7728395900415734,0.06892355873312331,0.5547101204013153,0.7054605652435886,-0.6785962307451076,0.8551211148587832,-0.4923825279642209,0.8236008573354392,0.7020443464150072,1.0,0.18993491853168182,0.07282443193115913,-0.1751367562679234,-0.6243482698184533,-0.6631383578796239,0.6545677728861065,0.646063287657975,-0.6228089470153528,-0.10679160191224482,-0.6537341291868195,0.5652099042052618,-0.6204129937366368,0.7119753241370447,-0.4423276349465905,0.7170375294682342,-0.15795137531810163,0.09595437834702814,-0.750142009874197,0.6111751334480766,0.5643495214218499,-0.7337208888776868,-0.6150745921224646,0.3306269505834589,-0.5262094770992399,-0.9385336603481167,-0.5651491108451772,0.5762169661574547,0.139018945896256,-0.720827166780446,0.6730763654274639,-0.7996167175589016,-0.6464563050845622,-0.8915632892813433,0.6633491331039638,0.8646708586297123,-0.8048336450288646,-0.6899327802617479
feat_75,0.10405685177594623,-0.18267878135848434,-0.2822807262725415,-0.07727450499734295,0.40001054452505713,-0.2799804827451701,0.2751453098995609,-0.28484884661239307,-0.093177507155415,-0.08540757646716185,-0.06508327007710771,0.06967728821891252,-0.26103643037520685,0.2705115959729341,0.17350742426824942,0.28313130421274857,0.2663002499905097,-0.27938372116922144,0.2681898309850889,0.29031850911551427,-0.1804610744232254,-0.11384567134443492,0.27648900496107365,0.4462968982270533,0.10786528169854688,-0.27780574633510524,0.1691643487145905,-0.286323684968459,0.2854126746955639,0.29576669618242246,0.31400441327762885,-0.06618858574609848,-0.1366264384946652,0.5349075632795489,-0.28340980818497363,-0.0925576368453217,0.27065571821721507,0.01523662375269655,0.18594519617123706,-0.05959562923048288,-0.003776150640060022,0.18993491853168182,1.0,-0.29000188900837837,-0.18667646082670392,0.28587840444858903,0.2747771249425978,-0.280183524447927,-0.2766540604814995,-0.23360428361787847,0.40503097084453066,0.2795146235170417,-0.06535309598052164,0.2773864270316631,-0.22732017900332005,-0.26203325754394247,-0.23031806387345644,0.37748113078079404,0.47441913426261456,-0.03759653986666928,-0.2507116297311601,-0.0652632240562768,0.1504592009517666,0.2858579104016971,0.17063167078364133,0.06451243807705544,-0.13738236315170185,0.008153161579754006,-0.06737211817246855,0.48761391891445544,0.21701577211455705,-0.2504592117661208,0.006688549548794838,0.2768365489249621,-0.22216454844822292,-0.2763554299542255,-0.001051195598112509,-0.17349466591790622,0.21814708036547154
feat_76,-0.4020741660818709,0.5384640136682144,0.5007407388366918,0.16304168532450358,-0.340358442526151,0.6770025422827153,-0.4439373340249411,0.5707998127544149,0.3254474170249428,-0.2685652507846581,0.36231742224289704,-0.14700335034535428,0.37756474640464194,-0.4953636378762879,-0.508523119979737,-0.3930309603915325,-0.47922673390346726,0.46481000973141173,-0.49379036184029557,-0.4063070763210744,0.3871011107089801,-0.3279098614689021,-0.6906209587062413,-0.5317805366006363,-0.7522369114115268,0.43501278551288636,-0.44527610139904544,0.559764433291349,-0.4712020291117319,-0.464065989096856,-0.09498893494749286,0.3593672568191417,0.3326754516520765,-0.24638764901004437,0.6930759956291774,0.2626343579494065,-0.5573274002056249,0.26727284565167575,-0.3640605573678257,0.3186475304851003,0.5022438117504564,0.07282443193115913,-0.29000188900837837,1.0,0.0018026090986051765,-0.5769570275051588,-0.4613618257275946,0.47896639507294825,0.4821315387096878,0.3071878604083881,-0.49308924263893633,-0.4411751371687804,0.36430762602303873,-0.5467530286068731,0.3886934442977121,-0.15958414944482435,0.40143764135935844,-0.4939399174310167,-0.5049613842481638,-0.21461838948363784,0.5016824018257113,0.36197685062599605,-0.26099121072099246,-0.4160503126423663,0.2664610909070524,-0.5001732793087713,-0.18453406936384328,-0.45437372965615014,0.36679307348635654,-0.3944726015509594,-0.38441959168223055,0.43050434528354253,-0.18968677785765226,-0.5421145779521108,0.015273877125450324,0.40624696103850005,0.2805086126486209,-0.03221633907163499,-0.5156837834242431
feat_78,0.194643366119727,0.032841408900485265,0.16118966908590168,-0.023546166927405694,-0.3526163315656077,0.05507504446449186,-0.15644714584858274,0.11966308130925003,0.23821192104136113,-0.2151328800255338,-0.46290041997854403,0.060574366453633885,0.17720315374166667,-0.14133254060881284,-0.12571018359443561,0.2070476861315952,-0.15600934938076036,0.07331402121211758,-0.09300928824126568,-0.4713840419553518,0.21352141626736934,0.18183089619495718,-0.08473562154764139,-0.4471758708695771,0.19736379064187093,0.16570763977680822,-0.12259441777560132,0.17239376517078103,-0.12023916896704605,-0.3530837898456788,-0.09531287638374386,-0.45862621045310675,-0.10422770288845731,-0.24333042624196957,0.13930938159950135,-0.040757952488593464,-0.05352516402111091,0.10160717402641087,-0.42541603365256114,0.012997015251589484,-0.13816371985650347,-0.1751367562679234,-0.18667646082670392,0.0018026090986051765,1.0,-0.07977112577387283,-0.15578101632942798,0.1544869933640215,0.16716140619448958,-0.17393325478369528,-0.5034498636077068,-0.15052175290839798,-0.4647610118191118,-0.1606357308445808,0.1757771472826783,0.5352473509540995,0.16218578613379397,-0.505245388586416,-0.4516625431522978,-0.0652667617181211,-0.014289546522154006,-0.46409350231117286,0.06295104359182276,-0.30594626524191754,-0.048461678398568506,0.34505575319534937,0.15284037475561923,0.39512416311788234,-0.46466914810578397,-0.33715732160168177,-0.18138110233675855,0.16043463608294764,-0.10738478543286306,-0.1832882083544992,0.11752705493688391,0.14211929087132502,-0.05125287168726792,0.05827919242569742,-0.1436833250614752
feat_79,0.6232088028650087,-0.9410853272607826,-0.9534588448691356,-0.7268973017053039,0.3681355516123141,-0.938892826270663,0.9448795756505434,-0.9546236069264818,-0.7363952407327077,0.6679856807004523,-0.5675620891279698,0.6024151335652637,-0.9120712279456958,0.9627722452952449,0.7924760586926163,0.44307378086173393,0.9492761054427177,-0.9303512877327429,0.7443730944096683,0.7062626569706747,-0.1631578431405679,0.5111445070568583,0.919011418965339,0.6078117456740316,0.6780513811517584,-0.9423782019065698,0.9247128452910578,-0.9551476802637153,0.9301679668322719,0.9192563759874105,0.09132754525790159,-0.5736221883483364,-0.8529809201359181,0.2288131288306801,-0.9182023084778824,-0.7579215652241282,0.9472751659777867,-0.8251281091493611,0.7455750440519361,-0.8568657140105582,-0.6593391159137645,-0.6243482698184533,0.28587840444858903,-0.5769570275051588,-0.07977112577387283,1.0,0.950042797672764,-0.950477769346437,-0.9416686045997364,0.33965360715280646,0.6132996085748295,0.9394394174989528,-0.5692687370185318,0.9456708073788541,-0.9078873296064502,0.09516627010934704,-0.914429187208269,0.6540220876609606,0.5451099216778111,0.783691212704913,-0.9199731255278508,-0.5683551901527799,0.7918392826231936,0.9277302178196862,-0.1983703024698612,0.5609315035547935,0.6705842332007943,0.5341205874301901,-0.581377825960453,0.39691959539620625,0.8959442731269032,-0.9221438879878628,0.7939280497748775,0.949101152173239,0.6127388294407692,-0.9304101581325649,-0.7826173786622216,0.6041590507747758,0.9358177495357738
feat_80,0.5606231899775207,-0.9218135164592964,-0.9878925817274331,-0.8014138805349901,0.3928264149832759,-0.904226169034453,0.9917389216780421,-0.9556122449208819,-0.7886821204050499,0.6988375412560355,-0.566845718242434,0.706012946782413,-0.9820912276130831,0.9863944155030356,0.8368352923158088,0.5079201726445042,0.9914734853178189,-0.9434154343071667,0.7939001606913065,0.7778166311071366,-0.08715610694218032,0.4959682085243391,0.880838272190822,0.6429286989091423,0.5870925557058098,-0.9922428719270523,0.9598561520957842,-0.9706129796864479,0.9654322888687275,0.9486942387378787,0.09456165866764821,-0.5732357434584479,-0.8767216771751906,0.25487888470221254,-0.916370184988589,-0.8075000142953163,0.9288735076349345,-0.8957528552310575,0.8210509603011107,-0.8865348071674855,-0.6575197794287158,-0.6631383578796239,0.2747771249425978,-0.4613618257275946,-0.15578101632942798,0.950042797672764,1.0,-0.9942016829481471,-0.9889114367853269,0.4851001492305119,0.6873345882197354,0.9925885677271845,-0.568617518191726,0.9550959908978608,-0.9812305376243358,-0.022241847989881394,-0.9775008396654996,0.731282028638784,0.5793826154623116,0.8313873369412507,-0.9050344639242195,-0.5680732631138221,0.8026177658150616,0.9526639183921252,-0.08825853473867797,0.46281096093742363,0.7208468635995875,0.42915202213784637,-0.5813251488115571,0.41358825217669604,0.968429058033972,-0.9883456810767898,0.8990648483506409,0.9811243274859746,0.6906362648637958,-0.9782483453353382,-0.8083243572814713,0.6729240738888278,0.9541124376811296
feat_81,-0.5675746848853583,0.9289746815631688,0.9897563364339661,0.8015431822473651,-0.3885868729178892,0.900908756648558,-0.989760949268954,0.950287755876898,0.782342281130973,-0.6869606590255579,0.5667643020139207,-0.6940737325135833,0.9796996795779823,-0.983871350222972,-0.844752627359271,-0.5126617527160272,-0.9894987585118821,0.9379878581242719,-0.7954048970601355,-0.7724089764862218,0.08400506998344949,-0.4949192650148459,-0.8907809163862217,-0.6453919971040938,-0.5943566489000326,0.9872876200571722,-0.9553793484960831,0.9759389941365977,-0.9692423348522223,-0.9493812197974252,-0.09719377923467638,0.5728010644609477,0.8770253194548466,-0.2555886678631819,0.9222846573090601,0.7956289376669065,-0.9294827284564564,0.8865106137733858,-0.8180878186952345,0.8789211543688537,0.6705139939090338,0.6545677728861065,-0.280183524447927,0.47896639507294825,0.1544869933640215,-0.950477769346437,-0.9942016829481471,1.0,0.9907728126019911,-0.4713263031618922,-0.6850986779392385,-0.9896074685431695,0.5690710196977556,-0.9548470801385462,0.9745891100141962,0.016157527136278365,0.9725110552425591,-0.7308995689826684,-0.580934534466423,-0.8226561439123394,0.9028722504151739,0.5686125168899583,-0.8060802789901746,-0.946406942474216,0.0949962407580956,-0.4621807607675419,-0.7122367029392891,-0.4300411376445842,0.5821414768945263,-0.4160751476557815,-0.9688131252939294,0.9882037968885502,-0.8911720090677201,-0.9815199470402473,-0.6828237146139828,0.9696202653566482,0.7958811678450605,-0.6705890572311269,-0.9539383406579639
feat_82,-0.5528573609095493,0.9244718429084728,0.9874977805336397,0.8001515600642987,-0.3933168564473464,0.899739454386332,-0.9855469610903422,0.9486175958365476,0.7916999790805066,-0.6934655342910715,0.5669768038065711,-0.6915131652475048,0.9785832143440776,-0.975158855435949,-0.8628600884943272,-0.5135651669805237,-0.9885224761821918,0.9337553155436383,-0.7918426271443546,-0.7735536711267371,0.09584799072973255,-0.5067204414201399,-0.8899759419388226,-0.6451488245702744,-0.5954216654816062,0.9826008786552946,-0.9524453121427533,0.9772439122478853,-0.9650281017293434,-0.9456341616460289,-0.09739020038088479,0.5728550998629118,0.8713681676174745,-0.2533195584159349,0.9189567949553565,0.7953059727142852,-0.9246875838637756,0.8904873249290747,-0.8176895560141343,0.8716368093084057,0.6621968754644592,0.646063287657975,-0.2766540604814995,0.4821315387096878,0.16716140619448958,-0.9416686045997364,-0.9889114367853269,0.9907728126019911,1.0,-0.48302334530715463,-0.6846008478286156,-0.9825355720112121,0.5696718759352499,-0.9633332338269424,0.9712140736313047,0.006553188778556823,0.9678883320471067,-0.7323038862948154,-0.579301486737582,-0.8242869571212955,0.8917237544332677,0.568966349402735,-0.7854985987020887,-0.9413779545352842,0.11180994674122317,-0.4560083600819645,-0.7056595698958598,-0.4309505848668056,0.5820467336651872,-0.4129175971036358,-0.9688255712561694,0.9843842052479943,-0.888643961341068,-0.980722539817606,-0.6852475583788168,0.9627484650281204,0.7929028240755029,-0.6716797228126845,-0.9569136161934487
feat_83,0.2670558041992786,-0.3860535614187488,-0.46006374859581317,-0.6005017340906521,-0.008984328117006076,-0.22887961457292078,0.4861111357248197,-0.382485953276168,-0.4924997943231254,0.5255176246075001,-0.21135862640562997,0.5196848376518628,-0.5370555580595038,0.4355534183711341,0.4049701156348765,0.020236821384735922,0.4693970681623591,-0.39970026680222404,0.3233891394580871,0.3660335343809933,0.13557917562934885,0.2701489615756194,0.2323664886534903,0.09266075302714355,0.05728241130876017,-0.5074974118934863,0.5058355338585457,-0.3995253672279269,0.4526802919093218,0.47004358647160216,-0.0693660515287263,-0.2145636205695313,-0.513472287408468,-0.1651180564910734,-0.26995944966394025,-0.50008576480487,0.3570373431817957,-0.6638669713203758,0.4567056883249289,-0.5660669953557332,-0.23460885324390715,-0.6228089470153528,-0.23360428361787847,0.3071878604083881,-0.17393325478369528,0.33965360715280646,0.4851001492305119,-0.4713263031618922,-0.48302334530715463,1.0,0.1865859243681558,0.49552299951601814,-0.2111804641288656,0.4115635855954929,-0.5532003693513241,-0.029255747976983135,-0.5335750215853523,0.23716139448217236,0.0020934994148951807,0.6143431200214257,-0.34174217134675383,-0.21258069557706827,0.4357524128294233,0.48684721950695053,0.008125204574395301,0.09638679550796445,0.6153599875277509,0.046421444449088696,-0.22108163790595262,-0.13239779481457226,0.5767542413745292,-0.5416824146608262,0.6989463445898212,0.43827769275638845,0.768395635284638,-0.5034541421184663,-0.6019685650362002,0.6534497447314356,0.4796774223260184
feat_86,0.1282747279357234,-0.5091932281085442,-0.6840895658814695,-0.4339061696709827,0.5709242272485757,-0.6508905661592017,0.6834939972585709,-0.6579316757077153,-0.5459824384504918,0.4212980644078553,-0.1814111093799649,0.3497400445612386,-0.6844086579503172,0.6733452039322277,0.5444906561023781,0.4269472890362997,0.6828912856818574,-0.6265770582281649,0.6028771376398628,0.7721905790648592,-0.1753331031395297,0.0827489024038753,0.5993489471651985,0.8861019661471954,0.33847890530283986,-0.683908339585069,0.6189008668595668,-0.6800044577293359,0.6665681801620442,0.706765962146649,0.1409698272865625,-0.18449203234970984,-0.37964641959931084,0.3716374593479618,-0.6784449653284915,-0.46890586860972994,0.5760679093055133,-0.49051001243406445,0.7364594478858811,-0.46923638746476626,-0.30203597211630295,-0.10679160191224482,0.40503097084453066,-0.49308924263893633,-0.5034498636077068,0.6132996085748295,0.6873345882197354,-0.6850986779392385,-0.6846008478286156,0.1865859243681558,1.0,0.6819403091530802,-0.18216321382124115,0.6596107846904951,-0.6674212816996485,-0.48253260570153145,-0.6350440100418195,0.9117548834964725,0.8289116432142842,0.45413381353655813,-0.565391041252702,-0.18191270757808442,0.37091661632357603,0.6892806293923261,0.11739559487955042,0.06979404949480322,0.19937420324132873,0.04110390679451634,-0.18779097430822825,0.5965705908209366,0.6520129259426335,-0.6793845160695997,0.5260563873035331,0.6867855288160816,0.20394008394656007,-0.6751206159030241,-0.35449033053653983,0.17709353757673682,0.6220830197548084
feat_88,0.5571550878836173,-0.9056924926006356,-0.9841149396768597,-0.8007680561361952,0.3820270080412209,-0.8858604319356777,0.9871533117356832,-0.9414210518797876,-0.7867921898383557,0.6816521523032553,-0.5673298024784301,0.7053194949076806,-0.9816021208387227,0.975802013746826,0.8300838025445484,0.5028552940571355,0.979770184490546,-0.9451619780111077,0.7931615610822922,0.7669860716877444,-0.06676297517705344,0.47991688610205946,0.8638260560215928,0.6440928473513126,0.5573632347690716,-0.9892994226686187,0.9471197725798096,-0.9585445180297699,0.9648268911729929,0.9381934585100757,0.09117766262474775,-0.5743786516777014,-0.8708408469641364,0.25156269446719215,-0.8974414459197232,-0.7975250220954785,0.91415590630194,-0.8834126784727421,0.8109487291922042,-0.8678833054232163,-0.6426942569306275,-0.6537341291868195,0.2795146235170417,-0.4411751371687804,-0.15052175290839798,0.9394394174989528,0.9925885677271845,-0.9896074685431695,-0.9825355720112121,0.49552299951601814,0.6819403091530802,1.0,-0.5682530509434636,0.9424123402208572,-0.9727328811909483,-0.033978831511530375,-0.9686263461155502,0.723524963709583,0.578714582896144,0.8149154115947338,-0.8938294025506895,-0.5678128928355913,0.7982280575124341,0.9465773637701436,-0.06046168687814928,0.43691858744189893,0.709445538265054,0.4007606549355526,-0.5819522624503006,0.41216043190422397,0.96473979085458,-0.9859903644043612,0.8967038403041067,0.9699069228705552,0.6875091701330934,-0.9778693241610458,-0.7949489784662168,0.6794880212069958,0.9394164371261688
feat_89,-0.5038096036094272,0.5916253746790038,0.5681704250361351,0.5575105727423496,-0.09247889199083004,0.5652413334189602,-0.5699024422382774,0.569013420605145,0.49270061219002076,-0.3405686683634607,0.9940202852462269,-0.5682632581060537,0.5682793782419937,-0.5674466535332156,-0.5667907790849985,-0.5665325399296788,-0.5697265195148724,0.5673443559747858,-0.5664438196288348,-0.23790847716267857,-0.030750850513021503,-0.5567062759933289,-0.5247121823874608,-0.1676987757520364,-0.5666940513465264,0.569628395257924,-0.5699154790848032,0.5698152342501934,-0.5692796238892651,-0.39464978538683887,-0.021167861261146177,0.9716303938992468,0.6423940362533687,-0.05706159960498707,0.5660857362710771,0.5120049050409726,-0.5688624760652881,0.5675660201287752,-0.26745149652980155,0.5692033827889391,0.5430624956954024,0.5652099042052618,-0.06535309598052164,0.36430762602303873,-0.4647610118191118,-0.5692687370185318,-0.568617518191726,0.5690710196977556,0.5696718759352499,-0.2111804641288656,-0.18216321382124115,-0.5682530509434636,1.0,-0.569535987379355,0.5695454102680749,-0.41796261247199823,0.5728333028780553,-0.20309045162991488,-0.14363730614594333,-0.5639589427778433,0.5712078762244235,0.9941162807087763,-0.5689913682730452,-0.4032930332404947,0.02087930284820151,-0.5452814580536784,-0.56889718480981,-0.561211263639001,0.9702878758735513,-0.09851146863310332,-0.5680174756036879,0.5710097366823583,-0.5688867562946751,-0.5693513049999457,-0.5497439184936698,0.5686249099761318,0.5624933895524291,-0.5405976360399815,-0.5692311080249464
feat_90,0.5908722367672353,-0.9272519755976989,-0.9617510176890355,-0.7548629002938084,0.3825322575517484,-0.9110793020005177,0.9490014059353532,-0.9684296136401818,-0.7885567849614558,0.7122019646693386,-0.5674670586247142,0.6375039875214474,-0.9326179836329974,0.9559084699737196,0.8488395514136519,0.4758285091176518,0.9626966870113786,-0.9104194455836124,0.7738396295434065,0.7428954849314613,-0.23982073148528912,0.5926477591827175,0.8988848507352025,0.6324348555804763,0.6646929377525149,-0.9548231287196929,0.9370588493193497,-0.9686362095582943,0.9374400598780811,0.9351286799912361,0.09686021164625414,-0.5716530976072578,-0.8647920028309137,0.2247515020536699,-0.9327138112154396,-0.771524603831008,0.9189620733543824,-0.8584776561752745,0.7623042690696605,-0.8648432630943185,-0.6699780617312674,-0.6204129937366368,0.2773864270316631,-0.5467530286068731,-0.1606357308445808,0.9456708073788541,0.9550959908978608,-0.9548470801385462,-0.9633332338269424,0.4115635855954929,0.6596107846904951,0.9424123402208572,-0.569535987379355,1.0,-0.9383258059038615,0.0874994000029188,-0.9412350904225388,0.7078490766474546,0.5528562249989319,0.8054570115312997,-0.8893909498529271,-0.5690999529590253,0.7535318567693421,0.9224766764917534,-0.2282720577215435,0.548435787868042,0.6758488799900314,0.5301662109789586,-0.5822368618979991,0.38091847513408666,0.9320915245559513,-0.9438723267433027,0.8253010380539922,0.9732444315783139,0.6450653785062191,-0.935705218524672,-0.7899548029379592,0.6215535890830621,0.9670272742218322
feat_92,-0.5418650259813966,0.8964785342437438,0.9647967466596672,0.8069932275853621,-0.3806563609894462,0.8555214472757378,-0.9757584008503841,0.9245744274879414,0.8079110296155514,-0.7436036655852878,0.566923216977819,-0.7568682727516355,0.9723600192409716,-0.9640374200220587,-0.8458212813135976,-0.5073720485691359,-0.9783825140467122,0.9022123042162206,-0.7778852373195574,-0.7860669382809935,0.07194147554524906,-0.5394112721385914,-0.852334048546733,-0.5956782787829339,-0.5448696844115617,0.9821696123869518,-0.9608121605041882,0.9522886696645694,-0.9364369307295975,-0.9334202235462146,-0.08087569186588252,0.5721960266427989,0.8730942558053598,-0.23053932795212226,0.8897313636154652,0.8129308098213399,-0.8992658276340592,0.931878490842523,-0.8256405529493481,0.9046740551908568,0.6728448373574863,0.7119753241370447,-0.22732017900332005,0.3886934442977121,0.1757771472826783,-0.9078873296064502,-0.9812305376243358,0.9745891100141962,0.9712140736313047,-0.5532003693513241,-0.6674212816996485,-0.9727328811909483,0.5695454102680749,-0.9383258059038615,1.0,0.008927283782513442,0.9842440434312936,-0.7077003888426047,-0.5331389685841487,-0.8532430103249695,0.8647412841103405,0.5691743759966461,-0.7959034403390512,-0.9312623078187559,0.1191909130092963,-0.43889469093973116,-0.7576497907716937,-0.42824259058550956,0.5820914924286269,-0.3672379358893084,-0.979752391631426,0.9809722450931359,-0.9361991497295933,-0.967541031064931,-0.7434824334836512,0.9689510523173628,0.8254293428608315,-0.71271332721177,-0.9478436175097351
feat_93,0.49751445245858333,-0.22108562085927072,-0.004730379541489231,-0.03705022554007296,-0.37319404377447984,-0.08318691149505542,-0.025510253650066837,-0.06270616239537842,-0.019672771164577146,0.13116857968318282,-0.4168812549606638,0.1832251181516087,0.06452704967417827,0.019763525254793534,0.12987306621304345,-0.0958959749108931,-0.0061299608550466475,-0.021736232277228266,0.08612062056109428,-0.2890534134504196,-0.15000494747630133,0.5613036752651465,0.10357881200519879,-0.48934504893595293,0.354782009164799,0.013096801911564997,0.08637764986805511,-0.04963504500732418,0.016897566425690087,-0.04709048627006424,-0.09707277822606783,-0.4147364716717686,-0.2728356612094125,-0.253558410132963,-0.06919616190917359,-0.02179968344184472,0.14425758541239095,-0.14133944778976443,-0.27176780105684745,-0.19588248515079668,-0.3232252878801295,-0.4423276349465905,-0.26203325754394247,-0.15958414944482435,0.5352473509540995,0.09516627010934704,-0.022241847989881394,0.016157527136278365,0.006553188778556823,-0.029255747976983135,-0.48253260570153145,-0.033978831511530375,-0.41796261247199823,0.0874994000029188,0.008927283782513442,1.0,-0.029743768133920996,-0.4400099981755617,-0.5127960781144101,0.13028748333695092,-0.1000789342395536,-0.4173205089114901,0.16632486081161837,-0.052112972601545314,-0.5218975515820665,0.5474378438086098,0.38366735068528374,0.5288742997695116,-0.41597667602946514,-0.39415802867242367,0.012331981908945421,0.022583438949099192,0.014409906332156941,0.036445849370626886,0.2571746635642997,0.010137433457810924,-0.3047073726584993,0.26125061077269135,0.12733993654903952
feat_94,-0.5985099749482641,0.9104586231315928,0.9654517036485069,0.8048383225458192,-0.3318348663809136,0.8633125939582343,-0.9689806636747506,0.9305510860937987,0.7905695593280585,-0.722443605049793,0.571339100896568,-0.7395421837906209,0.9649243336110293,-0.9690767022351859,-0.8385781951653188,-0.4874120635248655,-0.9774442453357811,0.8929432601015045,-0.7892517193771051,-0.7792602813853703,0.09795988800111112,-0.5675990811269177,-0.8636313769993925,-0.5651221091717351,-0.5793828395315527,0.9726662561128139,-0.9650839626106266,0.9554059905158061,-0.93955225873241,-0.9348477543587598,-0.07595500185986942,0.5765184205223555,0.8820794673950816,-0.20474973123899046,0.9003886718228714,0.8055441634478089,-0.9121391174618526,0.9176336387235565,-0.8155674265470103,0.9133727177152028,0.6854998470815014,0.7170375294682342,-0.23031806387345644,0.40143764135935844,0.16218578613379397,-0.914429187208269,-0.9775008396654996,0.9725110552425591,0.9678883320471067,-0.5335750215853523,-0.6350440100418195,-0.9686263461155502,0.5728333028780553,-0.9412350904225388,0.9842440434312936,-0.029743768133920996,1.0,-0.6940693079433818,-0.4922426914438824,-0.8422887216979748,0.8757992026009765,0.5722604229540185,-0.8006999828849577,-0.9334928540035422,0.14198855600780816,-0.4835765324573814,-0.7686885157431163,-0.46551302888670726,0.5853291713605133,-0.3390607787179086,-0.9746500696344462,0.9795714295513395,-0.914861546102838,-0.9717569249522673,-0.7399567412100188,0.9608226659354098,0.841115309790205,-0.70608252358149,-0.9552867323363793
feat_95,0.18822046973617806,-0.5663027385887265,-0.7306715287032021,-0.4752575366547848,0.5335284816526339,-0.6926302284266647,0.7226782892651235,-0.7098588388888475,-0.5940939241040274,0.4802959571490706,-0.20225194407700384,0.39419558387866327,-0.7279670354220595,0.7225362015116478,0.5844814060200872,0.429372733855191,0.7327938047630733,-0.6596640751706592,0.6371090287446988,0.8211531582095681,-0.22393679766377583,0.1456094255413853,0.6571123696951344,0.8658078977970646,0.38339091136451314,-0.7240903365999358,0.6671724469225514,-0.7257815507341152,0.7078055273852494,0.7561212039423845,0.13174385465257243,-0.20568680902167094,-0.4214740363346879,0.34009709064668936,-0.7304497406188278,-0.5113456372959995,0.6351426245522095,-0.538966680262953,0.7806379670070936,-0.530219126726737,-0.3528121136342961,-0.15795137531810163,0.37748113078079404,-0.4939399174310167,-0.505245388586416,0.6540220876609606,0.731282028638784,-0.7308995689826684,-0.7323038862948154,0.23716139448217236,0.9117548834964725,0.723524963709583,-0.20309045162991488,0.7078490766474546,-0.7077003888426047,-0.4400099981755617,-0.6940693079433818,1.0,0.7736376435681769,0.5038460232853442,-0.6317673323105474,-0.2028111667787553,0.3963758991983144,0.729490755613586,0.05374841091704628,0.12962041402320537,0.2629737666643131,0.08865941498014257,-0.20936473936886957,0.554131726732426,0.6963744016498001,-0.7270645146326219,0.5686519761335184,0.7344350267497617,0.2672166812584788,-0.708516243094003,-0.42127369971238704,0.22584227126887846,0.6873575891625084
feat_96,-0.014072555608936829,-0.4009056415753486,-0.5817840663622824,-0.3264425733846117,0.6601176864950513,-0.5568698051070551,0.5788070789381375,-0.5565522696534713,-0.41675471461377694,0.24160867811304654,-0.14304426513827134,0.17957018904592004,-0.5748263576398801,0.5648347945830408,0.4275641339953697,0.3926791556993396,0.5659324197482021,-0.5638457099816444,0.5393929493660669,0.5872847382307138,-0.14057352474060786,-0.10987091984677898,0.5045110179418804,0.8731660969531491,0.2579314163899319,-0.5786432018201159,0.46442230812779317,-0.5791840826673508,0.5811750991720978,0.5917233339724497,0.1670382407020734,-0.14547360016445057,-0.29954776377615566,0.4320972543513755,-0.569660785560092,-0.2981022387763028,0.44456798845860424,-0.32160577063958024,0.5683457322369513,-0.2815422181535588,-0.13167264723124145,0.09595437834702814,0.47441913426261456,-0.5049613842481638,-0.4516625431522978,0.5451099216778111,0.5793826154623116,-0.580934534466423,-0.579301486737582,0.0020934994148951807,0.8289116432142842,0.578714582896144,-0.14363730614594333,0.5528562249989319,-0.5331389685841487,-0.5127960781144101,-0.4922426914438824,0.7736376435681769,1.0,0.32584343196392207,-0.4603247848659355,-0.1434397797563668,0.2979875529066153,0.577449529140441,0.28019124042685933,-0.01826536364835017,-0.01089938922972738,-0.11236417016743436,-0.14807484509263022,0.7025838715642215,0.5116561382493775,-0.5486812388771575,0.3744556602351566,0.574116342027201,-0.00749399422702562,-0.5625454509437495,-0.1476994091522719,0.06083098592632884,0.47130927384803784
feat_99,0.4054036571604007,-0.7913346710020599,-0.8150737134052662,-0.8259496121701158,0.27551273968294454,-0.7165190257651459,0.8323802907746713,-0.7868957071156804,-0.6980008655642809,0.6622577723863036,-0.5631718249133681,0.6559692273999361,-0.855009630613209,0.8305506285161557,0.6903947634415712,0.30711545975996346,0.8368833267043657,-0.76984492966904,0.6312239947303743,0.5785445518444406,-0.0385116894583597,0.505433030851221,0.684529038239262,0.3830845750406373,0.4449358511618083,-0.8306607697370304,0.8255464673257454,-0.7960162664901763,0.8158384423458651,0.7691573247634504,0.08374777908331776,-0.5690948270706019,-0.8133283178912003,0.09539870093616491,-0.7139324153911156,-0.7569109871454148,0.7483349336568645,-0.9022214607070278,0.6761319505627458,-0.8535336639930785,-0.539895219026894,-0.750142009874197,-0.03759653986666928,-0.21461838948363784,-0.0652667617181211,0.783691212704913,0.8313873369412507,-0.8226561439123394,-0.8242869571212955,0.6143431200214257,0.45413381353655813,0.8149154115947338,-0.5639589427778433,0.8054570115312997,-0.8532430103249695,0.13028748333695092,-0.8422887216979748,0.5038460232853442,0.32584343196392207,1.0,-0.7655538153772021,-0.5634793769876492,0.7710191627378623,0.7848608506621327,-0.12292228058998932,0.42342201948508484,0.7144340289656549,0.4313708394589434,-0.5753666616563815,0.2109164012736745,0.8638609656519636,-0.8226823393581777,0.8960652574242026,0.8089868590423627,0.812425578010367,-0.8356374233948443,-0.74975680144846,0.7408292089828686,0.8223679202245738
feat_101,-0.5859524546293172,0.8925527892145398,0.8916381672321393,0.712142317126995,-0.34220908996409927,0.9147804682935257,-0.8978145536772052,0.9176303890996284,0.6951411387143915,-0.5995433955922583,0.5683721247956526,-0.6306848538917708,0.871421939042814,-0.9243220588644443,-0.6963794450489282,-0.4631738206035113,-0.9161108312109963,0.8889310060729105,-0.7162870129149145,-0.6696294123906724,0.1405553705977699,-0.4839879129228126,-0.8703219460050793,-0.5630679518875514,-0.6529730988223384,0.8900755924964809,-0.8721321767610349,0.8864083442962036,-0.902126915896088,-0.8524389248860709,-0.08127516667276162,0.5734766306683411,0.8131940896201698,-0.19332260814324237,0.8762147261784904,0.7516643534615604,-0.9148257799489202,0.7808266666593828,-0.6814857343175245,0.8642321819224309,0.6498423860764121,0.6111751334480766,-0.2507116297311601,0.5016824018257113,-0.014289546522154006,-0.9199731255278508,-0.9050344639242195,0.9028722504151739,0.8917237544332677,-0.34174217134675383,-0.565391041252702,-0.8938294025506895,0.5712078762244235,-0.8893909498529271,0.8647412841103405,-0.1000789342395536,0.8757992026009765,-0.6317673323105474,-0.4603247848659355,-0.7655538153772021,1.0,0.5705041988699878,-0.7687108044111821,-0.859297812789823,0.18718186406350898,-0.5872578174627988,-0.6721089342573067,-0.5376764551265388,0.5827060519088088,-0.3410241807164149,-0.8560590103644183,0.8814751504960044,-0.762071492434743,-0.8935423107436565,-0.6436724068106844,0.8801199997820097,0.7677567602508559,-0.551177366529066,-0.9040185673478235
feat_103,-0.5037461920095387,0.5906935480790526,0.5671418037806383,0.5583428160107624,-0.09235171735815884,0.5644908732254188,-0.569358406391395,0.5688551138827772,0.49618607672644593,-0.34010032694666764,0.99526886724821,-0.5676043912389276,0.5678451554483859,-0.5671305094811703,-0.5665762297842507,-0.5668201591748011,-0.56922404514953,0.56637261034881,-0.5661510583888525,-0.2375813114436567,-0.03124232014964616,-0.5560901986685872,-0.5239906114687711,-0.16746816063818112,-0.5660674437641365,0.5692491323578911,-0.5692774831198882,0.5691773990268615,-0.5689640887236236,-0.39410707298609654,-0.021138751753858962,0.975617337461918,0.6413527201474876,-0.05698312993679387,0.5656308021871572,0.5121099473962282,-0.5682743938639041,0.5669283460969015,-0.2670837039979456,0.568461659046511,0.5425003936330047,0.5643495214218499,-0.0652632240562768,0.36197685062599605,-0.46409350231117286,-0.5683551901527799,-0.5680732631138221,0.5686125168899583,0.568966349402735,-0.21258069557706827,-0.18191270757808442,-0.5678128928355913,0.9941162807087763,-0.5690999529590253,0.5691743759966461,-0.4173205089114901,0.5722604229540185,-0.2028111667787553,-0.1434397797563668,-0.5634793769876492,0.5705041988699878,1.0,-0.5680228113068914,-0.4027384348639669,0.019778981768768793,-0.5447112343311428,-0.5682393010209696,-0.560341954396401,0.9734794237789148,-0.09837599815364996,-0.567455413532542,0.5707770590598378,-0.5683010431232218,-0.5686160570342552,-0.5498477059129874,0.5675639043186973,0.5611578821628626,-0.5410859537858123,-0.5687905042159317
feat_105,0.49108032394998136,-0.7930463440259874,-0.7868096210658246,-0.7619136919410677,0.24707445371641834,-0.709572638397113,0.8038230956268044,-0.742771982834017,-0.607261869054223,0.5289955611169259,-0.5668605257173834,0.6144268044896948,-0.797959789647198,0.8039025774919644,0.6334907014896461,0.35353059322854735,0.7949481262882628,-0.7628095933086784,0.6089995813983706,0.5080169294539397,0.06259074950968037,0.44994717839945275,0.7042987298041514,0.31057215904224184,0.43993305402587385,-0.7954875284582464,0.7864472814400476,-0.775500777261188,0.7986917449825134,0.7206379864459731,0.060114412532456814,-0.5710985874919118,-0.8228405005315428,0.17828073580214585,-0.6852008388246782,-0.7247148834269063,0.7684187803217559,-0.7924623564985311,0.5805823521840932,-0.801396674223215,-0.6032684412908923,-0.7337208888776868,0.1504592009517666,-0.26099121072099246,0.06295104359182276,0.7918392826231936,0.8026177658150616,-0.8060802789901746,-0.7854985987020887,0.4357524128294233,0.37091661632357603,0.7982280575124341,-0.5689913682730452,0.7535318567693421,-0.7959034403390512,0.16632486081161837,-0.8006999828849577,0.3963758991983144,0.2979875529066153,0.7710191627378623,-0.7687108044111821,-0.5680228113068914,1.0,0.7523923574350538,-0.09661893105133465,0.42842958098812783,0.7186437993271972,0.4316895073963696,-0.5802047779529943,0.2546501780977872,0.8038092168095435,-0.7841233084261923,0.7899458573105662,0.7678696638404843,0.7047161836276956,-0.7934121295584983,-0.7052139617937172,0.7002850160652211,0.7555036097211588
feat_106,0.5379867900015156,-0.8792084514772724,-0.9450660556565582,-0.7346988138288401,0.39137353157666455,-0.8553971310527877,0.9464951568549098,-0.9206448856061232,-0.7682026627463662,0.7007780271556259,-0.4016279413974534,0.6081157997046315,-0.931394066565893,0.949621861106013,0.7713813079768215,0.3139258248725924,0.9436686310899274,-0.8937998472957616,0.7216720524226202,0.7913047967161034,-0.15437845740015899,0.43563117010321606,0.8407630222013274,0.6472903309971276,0.5032504045082727,-0.9505180906131335,0.926302569962423,-0.9304769030109205,0.9255376904163127,0.9679560028756666,0.08050136087017792,-0.4084488287960917,-0.8186127495655764,0.2419959523430303,-0.8559415241628263,-0.7434905330062963,0.8960211597175113,-0.8528340639190181,0.8291479725170061,-0.8538009722645149,-0.5611033138820825,-0.6150745921224646,0.2858579104016971,-0.4160503126423663,-0.30594626524191754,0.9277302178196862,0.9526639183921252,-0.946406942474216,-0.9413779545352842,0.48684721950695053,0.6892806293923261,0.9465773637701436,-0.4032930332404947,0.9224766764917534,-0.9312623078187559,-0.052112972601545314,-0.9334928540035422,0.729490755613586,0.577449529140441,0.7848608506621327,-0.859297812789823,-0.4027384348639669,0.7523923574350538,1.0,-0.1440330157492819,0.39997780849436165,0.6629161428371514,0.3503126438113508,-0.41575239070097103,0.41132975850508396,0.924588493658574,-0.9377158149133898,0.8323119438212001,0.9409499589980759,0.6364327727873286,-0.9454461944960498,-0.7797008060542252,0.6132121725333589,0.9184287820055977
feat_107,-0.3747601296955245,0.3005847680698573,0.10990369894772928,0.02251982460080286,0.17937647762172101,0.23077911222379882,-0.07177088467806325,0.17452550620401264,0.184887751620434,-0.4096996896104786,0.018295840725691386,-0.16888218742994532,0.03246867409342787,-0.14172501021313547,-0.19171239370158172,0.14775771206975685,-0.13246237795007507,0.05607513085093847,0.007447401020752169,-0.16042132815196217,0.2985322061272653,-0.578145368939158,-0.3025627614350536,0.16904518634473242,-0.37387779169384827,0.08595108601033281,-0.2306664659271245,0.17876334258664947,-0.058450685549980085,-0.18155238922427494,0.09307714750512978,0.012380339880673077,0.17473267485005525,0.23164563684266656,0.23831612267787977,0.17362749849468237,-0.29377370856317053,0.21532521576765876,-0.11352428544506146,0.33318019941368116,0.4353261497039648,0.3306269505834589,0.17063167078364133,0.2664610909070524,-0.048461678398568506,-0.1983703024698612,-0.08825853473867797,0.0949962407580956,0.11180994674122317,0.008125204574395301,0.11739559487955042,-0.06046168687814928,0.02087930284820151,-0.2282720577215435,0.1191909130092963,-0.5218975515820665,0.14198855600780816,0.05374841091704628,0.28019124042685933,-0.12292228058998932,0.18718186406350898,0.019778981768768793,-0.09661893105133465,-0.1440330157492819,1.0,-0.4869456275905362,-0.34028033075949254,-0.590637165548736,0.018500400634082204,0.30478197534571455,-0.12190235148691912,0.08784075943962032,-0.05859071313568627,-0.16194374635049036,-0.26650884702158334,0.06198549551325303,0.36957087305619224,-0.11545445419332538,-0.29613329763133456
feat_108,0.6582108893434888,-0.6136393085241104,-0.46666602007706004,-0.3825622456382944,0.007944190267607338,-0.5979505226016318,0.43156601881943824,-0.5748391520853722,-0.33467911555605356,0.37952496232925725,-0.5429995094472102,0.39906825194430223,-0.3868126944985181,0.511099425868127,0.3970617326933237,0.27359910725328535,0.47875533994433256,-0.4566241246632775,0.428004077482874,0.2680480885566225,-0.4167146677374049,0.6288649217181025,0.5772025921344466,0.06922284598606795,0.8115736152560805,-0.44675450137521794,0.5307927701565789,-0.49350174772470445,0.461365263814255,0.4179670288901822,0.0868546240509042,-0.5454616979951277,-0.5363023517815492,-0.006716838852033881,-0.5825202652453575,-0.47405221277347426,0.6278019559732213,-0.45336901560573434,0.22712724467176346,-0.5755713296838504,-0.6001132636661445,-0.5262094770992399,0.06451243807705544,-0.5001732793087713,0.34505575319534937,0.5609315035547935,0.46281096093742363,-0.4621807607675419,-0.4560083600819645,0.09638679550796445,0.06979404949480322,0.43691858744189893,-0.5452814580536784,0.548435787868042,-0.43889469093973116,0.5474378438086098,-0.4835765324573814,0.12962041402320537,-0.01826536364835017,0.42342201948508484,-0.5872578174627988,-0.5447112343311428,0.42842958098812783,0.39997780849436165,-0.4869456275905362,1.0,0.5669332672247662,0.7947438582214236,-0.553041467269296,-0.06295211160924229,0.44785462225885314,-0.4573314977527919,0.3366339896778251,0.525603378369454,0.4339970926727486,-0.4286851677907242,-0.6466732635672351,0.2541208275489006,0.5991664672613621
feat_109,0.6741776940885719,-0.7621217769880025,-0.7029947060214096,-0.6566186106971481,-0.042842736878558704,-0.6259215948835815,0.7062731748106528,-0.6679883228640815,-0.6314915867890015,0.6683533706889687,-0.5667636112891771,0.7687891348158308,-0.6950136830370252,0.7183075530155683,0.6655272439990468,0.30836317023666143,0.720905060567071,-0.6424124013282035,0.5592184887373717,0.5022574135482918,0.07294602831012244,0.6859382301423372,0.6458541525680173,0.08041088153814446,0.5506357638863835,-0.7108694185365181,0.7991839409984387,-0.6852257824129926,0.6683521692756986,0.647638035832306,-0.07545988790270453,-0.5722565655500983,-0.7790098511377005,-0.06466635615641682,-0.6525871321898016,-0.7313008210050301,0.749400712072446,-0.8562780539796534,0.5598911792171448,-0.8498774381382412,-0.7871159255554199,-0.9385336603481167,-0.13738236315170185,-0.18453406936384328,0.15284037475561923,0.6705842332007943,0.7208468635995875,-0.7122367029392891,-0.7056595698958598,0.6153599875277509,0.19937420324132873,0.709445538265054,-0.56889718480981,0.6758488799900314,-0.7576497907716937,0.38366735068528374,-0.7686885157431163,0.2629737666643131,-0.01089938922972738,0.7144340289656549,-0.6721089342573067,-0.5682393010209696,0.7186437993271972,0.6629161428371514,-0.34028033075949254,0.5669332672247662,1.0,0.5588188430673348,-0.580484205481053,-0.10810637423409164,0.7621028814924812,-0.7393227469853636,0.8022655766176567,0.7103449409120356,0.8741338658238363,-0.6937327795277937,-0.910553675748311,0.7630479177085626,0.7528046728192258
feat_111,0.5901243250453241,-0.6163716665086889,-0.43335746308448136,-0.40952831885108926,-0.06074442388868264,-0.5789066087769505,0.416965515364182,-0.5238527370323907,-0.300059813303411,0.4662084852247946,-0.5601347544735364,0.3876914121965663,-0.36837330176293237,0.47434576745245666,0.46942466631996793,0.33759001879853867,0.46475514232495646,-0.40102549375550506,0.26322260535914116,0.25243763004799846,-0.2881825250641563,0.809546019277324,0.6072340753990834,0.004920755307973054,0.7173203724937772,-0.40946920535048287,0.5328696373149865,-0.4956601181752992,0.39395424383336203,0.36323084485690804,0.03419900358227553,-0.5649463301096134,-0.558560033585189,-0.054235993638805796,-0.5635938290927143,-0.5547984093541835,0.611384623514705,-0.4726424047296487,0.19876881308842861,-0.6046034984878365,-0.6944070542185659,-0.5651491108451772,0.008153161579754006,-0.45437372965615014,0.39512416311788234,0.5341205874301901,0.42915202213784637,-0.4300411376445842,-0.4309505848668056,0.046421444449088696,0.04110390679451634,0.4007606549355526,-0.561211263639001,0.5301662109789586,-0.42824259058550956,0.5288742997695116,-0.46551302888670726,0.08865941498014257,-0.11236417016743436,0.4313708394589434,-0.5376764551265388,-0.560341954396401,0.4316895073963696,0.3503126438113508,-0.590637165548736,0.7947438582214236,0.5588188430673348,1.0,-0.5703458140702472,-0.14409489041504556,0.42866971114127944,-0.413272207378924,0.34421075984293503,0.48747424285953994,0.4837807946425697,-0.42066382166426175,-0.6296810264431639,0.3019622858086937,0.5785243653005512
feat_112,-0.5184779431541148,0.6050343502547822,0.5816452596986186,0.5758587476207283,-0.09533594003751777,0.5762835092962331,-0.5831801835870839,0.5814939905292962,0.49833297444978847,-0.3510902157973049,0.9707967731465855,-0.5802528765397752,0.5819895336485389,-0.5798057940333645,-0.5798440891422796,-0.5798690128668569,-0.5827787920640266,0.5805306985562722,-0.5739661968859546,-0.24525843492423444,-0.03124686845022519,-0.5672215119610677,-0.5409226698131969,-0.1728796710826356,-0.577538213127396,0.5830486986110748,-0.5816865935570635,0.5815861240618173,-0.5811525760277902,-0.40684211786609276,-0.021821822347473985,0.9774450433895616,0.6566103074706331,-0.058824463845493676,0.578401699817175,0.5321805861357242,-0.5806059064600518,0.5807087576668746,-0.2757141579792916,0.5803250282766821,0.5545225862315001,0.5762169661574547,-0.06737211817246855,0.36679307348635654,-0.46466914810578397,-0.581377825960453,-0.5813251488115571,0.5821414768945263,0.5820467336651872,-0.22108163790595262,-0.18779097430822825,-0.5819522624503006,0.9702878758735513,-0.5822368618979991,0.5820914924286269,-0.41597667602946514,0.5853291713605133,-0.20936473936886957,-0.14807484509263022,-0.5753666616563815,0.5827060519088088,0.9734794237789148,-0.5802047779529943,-0.41575239070097103,0.018500400634082204,-0.553041467269296,-0.580484205481053,-0.5703458140702472,1.0,-0.10155488743901264,-0.5817298490346788,0.5844808462965514,-0.5825528123795657,-0.5818778595031269,-0.5625654755701798,0.5812916881859468,0.5740391481761761,-0.5517727208992607,-0.5823155236815647
feat_113,-0.058839332866988094,-0.275364996404968,-0.41596269189442026,-0.19730453886979774,0.6139421778159948,-0.3969880626968171,0.4138498656647711,-0.396411623431862,-0.280383071763901,0.07822934983452214,-0.0981047404495069,0.10539497909961125,-0.40995223626984045,0.4050960608692611,0.2793365933404083,0.3282257649080447,0.40413979574085135,-0.40876817313270014,0.3977838195222793,0.40648865133870815,-0.12179177182165848,-0.18323192932608787,0.37732563603089364,0.6260639803350345,0.10197210564475688,-0.4103839350757257,0.29520647599321836,-0.41459582402664275,0.41664641299974714,0.42055816857602724,0.2218963023783769,-0.0997708630443403,-0.2048017677091619,0.4846342167484438,-0.40396552211715214,-0.17093326306585332,0.3138569089558744,-0.18006446397125817,0.3698014122447929,-0.1575065908630265,-0.00813363093486015,0.139018945896256,0.48761391891445544,-0.3944726015509594,-0.33715732160168177,0.39691959539620625,0.41358825217669604,-0.4160751476557815,-0.4129175971036358,-0.13239779481457226,0.5965705908209366,0.41216043190422397,-0.09851146863310332,0.38091847513408666,-0.3672379358893084,-0.39415802867242367,-0.3390607787179086,0.554131726732426,0.7025838715642215,0.2109164012736745,-0.3410241807164149,-0.09837599815364996,0.2546501780977872,0.41132975850508396,0.30478197534571455,-0.06295211160924229,-0.10810637423409164,-0.14409489041504556,-0.10155488743901264,1.0,0.3556170053798399,-0.37617737058391587,0.23291311674135312,0.40760150717141025,-0.1235798838323857,-0.4037496526435763,-0.002026519829443618,-0.012385112056603337,0.2991530895841855
feat_114,0.537113068094203,-0.8953901589453792,-0.9639558248104751,-0.8241615718451871,0.37801459066407245,-0.8401546296285811,0.9601118595316056,-0.9103041015418157,-0.7946902350870988,0.7194017494008796,-0.5670976942622065,0.7528019620487233,-0.9707967150419221,0.9568685254134855,0.8369410202219947,0.46618827908122396,0.9681647696922601,-0.882985641854663,0.7747427034385529,0.7839601986363479,-0.0868166348524911,0.5414459724692745,0.8455231228024297,0.5781782642072318,0.5464404104309275,-0.9653066090971744,0.958642309297738,-0.9408870288087324,0.9407859547727738,0.9284934112666188,0.07678293240369641,-0.5750647520451776,-0.874611050620764,0.22171578584994828,-0.8824274020442234,-0.8323683629765389,0.8958706788478342,-0.9369764204937686,0.8237065358815568,-0.9054525616134015,-0.6791935199411754,-0.720827166780446,0.21701577211455705,-0.38441959168223055,-0.18138110233675855,0.8959442731269032,0.968429058033972,-0.9688131252939294,-0.9688255712561694,0.5767542413745292,0.6520129259426335,0.96473979085458,-0.5680174756036879,0.9320915245559513,-0.979752391631426,0.012331981908945421,-0.9746500696344462,0.6963744016498001,0.5116561382493775,0.8638609656519636,-0.8560590103644183,-0.567455413532542,0.8038092168095435,0.924588493658574,-0.12190235148691912,0.44785462225885314,0.7621028814924812,0.42866971114127944,-0.5817298490346788,0.3556170053798399,1.0,-0.9753765927660157,0.9301460781996114,0.962682090999246,0.7663580506166463,-0.957581593773344,-0.8370723266406029,0.7016597990692669,0.9475046718999047
feat_117,-0.5808992052210078,0.9068591728769263,0.9822064677611743,0.81308605040627,-0.35441611518956895,0.8698142270986186,-0.981385865802661,0.9398902842260022,0.792289787089519,-0.7006506788631286,0.5684565469632842,-0.7229963074060066,0.977841091788352,-0.9702562098634808,-0.8489152623166535,-0.5093448300384071,-0.9821461114260436,0.9142284884092889,-0.8024965834087779,-0.7733950125025816,0.07983726650803831,-0.5070286818511371,-0.8665318830622994,-0.6295046421111096,-0.5825445315778921,0.9853180843231814,-0.955408520854597,0.9607365819657999,-0.9606896359794291,-0.9410889310451487,-0.08112371367718267,0.5740506422612182,0.8752449536986545,-0.21868288020262475,0.9057581275576198,0.7952908929758559,-0.9097105959498382,0.9005033727016633,-0.8189413602535803,0.8814586913851339,0.6646164687181523,0.6730763654274639,-0.2504592117661208,0.43050434528354253,0.16043463608294764,-0.9221438879878628,-0.9883456810767898,0.9882037968885502,0.9843842052479943,-0.5416824146608262,-0.6793845160695997,-0.9859903644043612,0.5710097366823583,-0.9438723267433027,0.9809722450931359,0.022583438949099192,0.9795714295513395,-0.7270645146326219,-0.5486812388771575,-0.8226823393581777,0.8814751504960044,0.5707770590598378,-0.7841233084261923,-0.9377158149133898,0.08784075943962032,-0.4573314977527919,-0.7393227469853636,-0.413272207378924,0.5844808462965514,-0.37617737058391587,-0.9753765927660157,1.0,-0.9102254803171674,-0.9772566715307391,-0.7162653972600589,0.9661954061085662,0.8151219336681056,-0.6928935400267674,-0.9535703421648847
feat_118,0.46126460198777547,-0.8101487678536425,-0.8748370589106952,-0.8291269624295781,0.27902842925471777,-0.7176759846921444,0.900815710850255,-0.8032151489975012,-0.793725742856514,0.7103086612283511,-0.5668293025316677,0.7766412127493321,-0.9216092929113978,0.8690144546339981,0.7787672749432227,0.445891257009173,0.8920891985846477,-0.8218236429559661,0.6833749947705143,0.6820941885723364,0.09332234931894105,0.5158059396242753,0.7176100685970316,0.42476081488233286,0.4237223954920192,-0.903102275639837,0.8850839070961565,-0.8405364621697416,0.8476994781128049,0.8169268238551695,0.026206700297431385,-0.5743871364076072,-0.8407168622474351,0.10507158684258425,-0.7534753380773372,-0.8081710351910018,0.7839491719659175,-0.9624759709144557,0.7838414897077765,-0.8774420987607566,-0.6255235618548173,-0.7996167175589016,0.006688549548794838,-0.18968677785765226,-0.10738478543286306,0.7939280497748775,0.8990648483506409,-0.8911720090677201,-0.888643961341068,0.6989463445898212,0.5260563873035331,0.8967038403041067,-0.5688867562946751,0.8253010380539922,-0.9361991497295933,0.014409906332156941,-0.914861546102838,0.5686519761335184,0.3744556602351566,0.8960652574242026,-0.762071492434743,-0.5683010431232218,0.7899458573105662,0.8323119438212001,-0.05859071313568627,0.3366339896778251,0.8022655766176567,0.34421075984293503,-0.5825528123795657,0.23291311674135312,0.9301460781996114,-0.9102254803171674,1.0,0.8599862486542208,0.8588117134853975,-0.8909297047620099,-0.807540188395414,0.8256258739570708,0.8492696674234695
feat_119,0.5996078588015686,-0.9377270106480563,-0.983962296724822,-0.7690268162799351,0.3943409398528968,-0.9156289645355717,0.9700360756229225,-0.9691516686314627,-0.7851156176717663,0.7188313625353674,-0.5675474629937493,0.6750185910007919,-0.9543736678029764,0.978782486983061,0.8686728336034233,0.4958376434719269,0.9831844045918351,-0.9090557655423238,0.8104212498034575,0.7765780421742436,-0.18607398844065098,0.5571740734714916,0.9115592484534408,0.6430064823489181,0.6602561942076196,-0.9734544339891996,0.9624276100759495,-0.9817413577527029,0.9567678590173441,0.95763741739202,0.09471477424125996,-0.5724905114444109,-0.8685142878424514,0.25667786888394717,-0.9539548040081277,-0.7795594028568346,0.9315596256151057,-0.883648378493314,0.8037152400072174,-0.8768557251325887,-0.6921705255858476,-0.6464563050845622,0.2768365489249621,-0.5421145779521108,-0.1832882083544992,0.949101152173239,0.9811243274859746,-0.9815199470402473,-0.980722539817606,0.43827769275638845,0.6867855288160816,0.9699069228705552,-0.5693513049999457,0.9732444315783139,-0.967541031064931,0.036445849370626886,-0.9717569249522673,0.7344350267497617,0.574116342027201,0.8089868590423627,-0.8935423107436565,-0.5686160570342552,0.7678696638404843,0.9409499589980759,-0.16194374635049036,0.525603378369454,0.7103449409120356,0.48747424285953994,-0.5818778595031269,0.40760150717141025,0.962682090999246,-0.9772566715307391,0.8599862486542208,1.0,0.6538369930931383,-0.9567098625341636,-0.8081230396413059,0.6386341841402211,0.9736635293299489
feat_120,0.4656514649270127,-0.6898946496380479,-0.6660043251178585,-0.7604695300955872,0.008229170873002237,-0.5442499372016504,0.6934715202911277,-0.6189495281527672,-0.6377917361486803,0.6609986761821479,-0.5480526034941069,0.7291451043727762,-0.7185624926317685,0.6826187375074316,0.5914956728727494,0.2369677748542229,0.7004191785976346,-0.6193591165757487,0.4610727537699655,0.485780687280434,0.12363225394205993,0.6191930659316885,0.5429244228055766,0.09337093664951168,0.38737218562093517,-0.6934704068562071,0.7539627458903166,-0.6324788685975323,0.654643220091278,0.6080543359697599,-0.07158080113117277,-0.5541635216072682,-0.7537585544377208,-0.13178705182527484,-0.5471420537909262,-0.7824816906733162,0.6628422936900673,-0.87727855186385,0.5811713544693041,-0.8604399373289742,-0.6229569534380621,-0.8915632892813433,-0.22216454844822292,0.015273877125450324,0.11752705493688391,0.6127388294407692,0.6906362648637958,-0.6828237146139828,-0.6852475583788168,0.768395635284638,0.20394008394656007,0.6875091701330934,-0.5497439184936698,0.6450653785062191,-0.7434824334836512,0.2571746635642997,-0.7399567412100188,0.2672166812584788,-0.00749399422702562,0.812425578010367,-0.6436724068106844,-0.5498477059129874,0.7047161836276956,0.6364327727873286,-0.26650884702158334,0.4339970926727486,0.8741338658238363,0.4837807946425697,-0.5625654755701798,-0.1235798838323857,0.7663580506166463,-0.7162653972600589,0.8588117134853975,0.6538369930931383,1.0,-0.6950961653763966,-0.8566705141519466,0.7791150433594032,0.7220060283910291
feat_121,-0.5336400333038529,0.8859654213402421,0.9659016801638896,0.8005888072024092,-0.38941316545684507,0.8643975891753632,-0.9740130941753243,0.9328769882460973,0.7656773618699422,-0.7024369718159735,0.5672957473115784,-0.6954891993468183,0.9644456407674967,-0.96614204443017,-0.8097184197237959,-0.4518414260203236,-0.9638806451174722,0.9287242288042843,-0.7632269305404239,-0.7579963046096708,0.1016700578070513,-0.4998936610599028,-0.8391739973741111,-0.6267765324502744,-0.5289403671858943,0.9814423815009721,-0.9435076154676706,0.9423784284064606,-0.9502106644004307,-0.9254904022906792,-0.09494584035125829,0.5736321847422562,0.8656275380593156,-0.25430203998301154,0.8666283863214779,0.8099564667735062,-0.8981173411408644,0.8879690412422135,-0.7969124267323904,0.8734614748013105,0.6019656400063395,0.6633491331039638,-0.2763554299542255,0.40624696103850005,0.14211929087132502,-0.9304101581325649,-0.9782483453353382,0.9696202653566482,0.9627484650281204,-0.5034541421184663,-0.6751206159030241,-0.9778693241610458,0.5686249099761318,-0.935705218524672,0.9689510523173628,0.010137433457810924,0.9608226659354098,-0.708516243094003,-0.5625454509437495,-0.8356374233948443,0.8801199997820097,0.5675639043186973,-0.7934121295584983,-0.9454461944960498,0.06198549551325303,-0.4286851677907242,-0.6937327795277937,-0.42066382166426175,0.5812916881859468,-0.4037496526435763,-0.957581593773344,0.9661954061085662,-0.8909297047620099,-0.9567098625341636,-0.6950961653763966,1.0,0.797288168956959,-0.6588604684819888,-0.9279973509193091
feat_123,-0.6799795667859494,0.8292958955438513,0.7924313891258495,0.690927203039186,-0.1061243767843835,0.7382531496850406,-0.7937674109669052,0.784145786001332,0.6645101789130796,-0.7389986002325397,0.5606226860430824,-0.7786189086560585,0.7793497972609381,-0.82155185717556,-0.68367377986734,-0.317913238820841,-0.8117718243879561,0.7398642639438158,-0.6227065756368766,-0.6306645821161293,0.12268162048902294,-0.7224753434718947,-0.7252137857396452,-0.25956367603645863,-0.6360675229379974,0.7996446911940955,-0.8906580510894563,0.7773471106342308,-0.7579755506460788,-0.7659623564699622,0.06036974506165,0.5675090779978579,0.8150323816448639,0.007864132148949638,0.7478074355802061,0.8163346168964517,-0.8514326073591789,0.8825855383123593,-0.6523689530669337,0.9244715873535166,0.7512026026654878,0.8646708586297123,-0.001051195598112509,0.2805086126486209,-0.05125287168726792,-0.7826173786622216,-0.8083243572814713,0.7958811678450605,0.7929028240755029,-0.6019685650362002,-0.35449033053653983,-0.7949489784662168,0.5624933895524291,-0.7899548029379592,0.8254293428608315,-0.3047073726584993,0.841115309790205,-0.42127369971238704,-0.1476994091522719,-0.74975680144846,0.7677567602508559,0.5611578821628626,-0.7052139617937172,-0.7797008060542252,0.36957087305619224,-0.6466732635672351,-0.910553675748311,-0.6296810264431639,0.5740391481761761,-0.002026519829443618,-0.8370723266406029,0.8151219336681056,-0.807540188395414,-0.8081230396413059,-0.8566705141519466,0.797288168956959,1.0,-0.6565431900519068,-0.8632162579681755
feat_124,0.5182626241932757,-0.6696725504449129,-0.6632634285355112,-0.7050293999735038,-0.04222931343814164,-0.49243901396459916,0.6819129495842792,-0.5938707764507309,-0.6819344569854211,0.5820421904349737,-0.540127524658674,0.6012400567490875,-0.7023966836851498,0.6283062108461136,0.6905762997215014,0.2654635423759936,0.6642938709125756,-0.6220568900453749,0.48793508106593503,0.3601582435513188,0.2549694485446521,0.5057255665137653,0.5404660082637898,0.08704432918738786,0.29334023939180404,-0.6860179374894173,0.6726875211926092,-0.6400896033045674,0.6290018240144815,0.5930300670540299,-0.093099524070044,-0.547722165343383,-0.7500837496121223,-0.09352823110394788,-0.5229495384513329,-0.5722152523436176,0.5765149399931675,-0.8077095736627529,0.5095460490210032,-0.6973058139476176,-0.5340619826691488,-0.8048336450288646,-0.17349466591790622,-0.03221633907163499,0.05827919242569742,0.6041590507747758,0.6729240738888278,-0.6705890572311269,-0.6716797228126845,0.6534497447314356,0.17709353757673682,0.6794880212069958,-0.5405976360399815,0.6215535890830621,-0.71271332721177,0.26125061077269135,-0.70608252358149,0.22584227126887846,0.06083098592632884,0.7408292089828686,-0.551177366529066,-0.5410859537858123,0.7002850160652211,0.6132121725333589,-0.11545445419332538,0.2541208275489006,0.7630479177085626,0.3019622858086937,-0.5517727208992607,-0.012385112056603337,0.7016597990692669,-0.6928935400267674,0.8256258739570708,0.6386341841402211,0.7791150433594032,-0.6588604684819888,-0.6565431900519068,1.0,0.6445200200258816
feat_126,0.6334786085487263,-0.9440531811710486,-0.9556726993150937,-0.7705082572687899,0.3395075147669499,-0.9106730218946839,0.9424225511086981,-0.956318510878764,-0.7863313404758789,0.7586067117125539,-0.5671445517364239,0.6930048681335627,-0.9258206586094035,0.9598952911395842,0.843823839529784,0.4523451653740175,0.9653815007780762,-0.8836168983515996,0.7586961495455029,0.7726135814145834,-0.22341847996342165,0.6331493023292367,0.9100810539605863,0.5696515086580746,0.693642662937687,-0.9492861880900377,0.9566811057462846,-0.9624451789149601,0.9232703070508766,0.9391588329279812,0.08275739275849445,-0.5727261307197066,-0.8678296889446347,0.1854886908683599,-0.9410099668256051,-0.7998835593362142,0.9458274775859117,-0.8927047090785966,0.7815377250850851,-0.9198287599468818,-0.7276549754266002,-0.6899327802617479,0.21814708036547154,-0.5156837834242431,-0.1436833250614752,0.9358177495357738,0.9541124376811296,-0.9539383406579639,-0.9569136161934487,0.4796774223260184,0.6220830197548084,0.9394164371261688,-0.5692311080249464,0.9670272742218322,-0.9478436175097351,0.12733993654903952,-0.9552867323363793,0.6873575891625084,0.47130927384803784,0.8223679202245738,-0.9040185673478235,-0.5687905042159317,0.7555036097211588,0.9184287820055977,-0.29613329763133456,0.5991664672613621,0.7528046728192258,0.5785243653005512,-0.5823155236815647,0.2991530895841855,0.9475046718999047,-0.9535703421648847,0.8492696674234695,0.9736635293299489,0.7220060283910291,-0.9279973509193091,-0.8632162579681755,0.6445200200258816,1.0
